  0
SECTION
  2
HEADER
  9
$ACADVER
  1
AC1032
  9
$ACADMAINTVER
 90
      174
  9
$DWGCODEPAGE
  3
ANSI_1252
  9
$LASTSAVEDBY
  1
ebrahim
  9
$REQUIREDVERSIONS
160
                 0
  9
$INSBASE
 10
0.0
 20
0.0
 30
0.0
  9
$EXTMIN
 10
1.000000000000000E+20
 20
1.000000000000000E+20
 30
1.000000000000000E+20
  9
$EXTMAX
 10
-1.000000000000000E+20
 20
-1.000000000000000E+20
 30
-1.000000000000000E+20
  9
$LIMMIN
 10
0.0
 20
0.0
  9
$LIMMAX
 10
420.0
 20
297.0
  9
$ORTHOMODE
 70
     0
  9
$REGENMODE
 70
     1
  9
$FILLMODE
 70
     1
  9
$QTEXTMODE
 70
     0
  9
$MIRRTEXT
 70
     1
  9
$LTSCALE
 40
1.0
  9
$ATTMODE
 70
     1
  9
$TEXTSIZE
 40
2.5
  9
$TRACEWID
 40
1.0
  9
$TEXTSTYLE
  7
Standard
  9
$CLAYER
  8
0
  9
$CELTYPE
  6
ByLayer
  9
$CECOLOR
 62
   256
  9
$CELTSCALE
 40
1.0
  9
$DISPSILH
 70
     0
  9
$DIMSCALE
 40
1.0
  9
$DIMASZ
 40
2.5
  9
$DIMEXO
 40
0.625
  9
$DIMDLI
 40
3.75
  9
$DIMRND
 40
0.0
  9
$DIMDLE
 40
0.0
  9
$DIMEXE
 40
1.25
  9
$DIMTP
 40
0.0
  9
$DIMTM
 40
0.0
  9
$DIMTXT
 40
2.5
  9
$DIMCEN
 40
2.5
  9
$DIMTSZ
 40
0.0
  9
$DIMTOL
 70
     0
  9
$DIMLIM
 70
     0
  9
$DIMTIH
 70
     0
  9
$DIMTOH
 70
     0
  9
$DIMSE1
 70
     0
  9
$DIMSE2
 70
     0
  9
$DIMTAD
 70
     1
  9
$DIMZIN
 70
     8
  9
$DIMBLK
  1

  9
$DIMASO
 70
     1
  9
$DIMSHO
 70
     1
  9
$DIMPOST
  1

  9
$DIMAPOST
  1

  9
$DIMALT
 70
     0
  9
$DIMALTD
 70
     3
  9
$DIMALTF
 40
0.03937007874
  9
$DIMLFAC
 40
1.0
  9
$DIMTOFL
 70
     1
  9
$DIMTVP
 40
0.0
  9
$DIMTIX
 70
     0
  9
$DIMSOXD
 70
     0
  9
$DIMSAH
 70
     0
  9
$DIMBLK1
  1

  9
$DIMBLK2
  1

  9
$DIMSTYLE
  2
Standard
  9
$DIMCLRD
 70
     0
  9
$DIMCLRE
 70
     0
  9
$DIMCLRT
 70
     0
  9
$DIMTFAC
 40
1.0
  9
$DIMGAP
 40
0.625
  9
$DIMJUST
 70
     0
  9
$DIMSD1
 70
     0
  9
$DIMSD2
 70
     0
  9
$DIMTOLJ
 70
     0
  9
$DIMTZIN
 70
     8
  9
$DIMALTZ
 70
     0
  9
$DIMALTTZ
 70
     0
  9
$DIMUPT
 70
     0
  9
$DIMDEC
 70
     2
  9
$DIMTDEC
 70
     2
  9
$DIMALTU
 70
     2
  9
$DIMALTTD
 70
     3
  9
$DIMTXSTY
  7
Standard
  9
$DIMAUNIT
 70
     0
  9
$DIMADEC
 70
     0
  9
$DIMALTRND
 40
0.0
  9
$DIMAZIN
 70
     0
  9
$DIMDSEP
 70
    44
  9
$DIMATFIT
 70
     3
  9
$DIMFRAC
 70
     0
  9
$DIMLDRBLK
  1

  9
$DIMLUNIT
 70
     2
  9
$DIMLWD
 70
    -2
  9
$DIMLWE
 70
    -2
  9
$DIMTMOVE
 70
     0
  9
$DIMFXL
 40
1.0
  9
$DIMFXLON
 70
     0
  9
$DIMJOGANG
 40
0.785398163397
  9
$DIMTFILL
 70
     0
  9
$DIMTFILLCLR
 70
     0
  9
$DIMARCSYM
 70
     0
  9
$DIMLTYPE
  6

  9
$DIMLTEX1
  6

  9
$DIMLTEX2
  6

  9
$DIMTXTDIRECTION
 70
     0
  9
$LUNITS
 70
     2
  9
$LUPREC
 70
     4
  9
$SKETCHINC
 40
1.0
  9
$FILLETRAD
 40
10.0
  9
$AUNITS
 70
     0
  9
$AUPREC
 70
     2
  9
$MENU
  1
.
  9
$ELEVATION
 40
0.0
  9
$PELEVATION
 40
0.0
  9
$THICKNESS
 40
0.0
  9
$LIMCHECK
 70
     0
  9
$CHAMFERA
 40
0.0
  9
$CHAMFERB
 40
0.0
  9
$CHAMFERC
 40
0.0
  9
$CHAMFERD
 40
0.0
  9
$SKPOLY
 70
     0
  9
$TDCREATE
 40
2458532.299826389
  9
$TDUCREATE
 40
2458532.153996898
  9
$TDUPDATE
 40
2461250.749884260
  9
$TDUUPDATE
 40
2461250.604050926
  9
$TDINDWG
 40
0.0136574074
  9
$TDUSRTIMER
 40
0.0136574074
  9
$USRTIMER
 70
     1
  9
$ANGBASE
 50
0.0
  9
$ANGDIR
 70
     0
  9
$PDMODE
 70
     0
  9
$PDSIZE
 40
0.0
  9
$PLINEWID
 40
0.0
  9
$SPLFRAME
 70
     0
  9
$SPLINETYPE
 70
     6
  9
$SPLINESEGS
 70
     8
  9
$HANDSEED
  5
617
  9
$SURFTAB1
 70
     6
  9
$SURFTAB2
 70
     6
  9
$SURFTYPE
 70
     6
  9
$SURFU
 70
     6
  9
$SURFV
 70
     6
  9
$UCSBASE
  2

  9
$UCSNAME
  2

  9
$UCSORG
 10
0.0
 20
0.0
 30
0.0
  9
$UCSXDIR
 10
1.0
 20
0.0
 30
0.0
  9
$UCSYDIR
 10
0.0
 20
1.0
 30
0.0
  9
$UCSORTHOREF
  2

  9
$UCSORTHOVIEW
 70
     0
  9
$UCSORGTOP
 10
0.0
 20
0.0
 30
0.0
  9
$UCSORGBOTTOM
 10
0.0
 20
0.0
 30
0.0
  9
$UCSORGLEFT
 10
0.0
 20
0.0
 30
0.0
  9
$UCSORGRIGHT
 10
0.0
 20
0.0
 30
0.0
  9
$UCSORGFRONT
 10
0.0
 20
0.0
 30
0.0
  9
$UCSORGBACK
 10
0.0
 20
0.0
 30
0.0
  9
$PUCSBASE
  2

  9
$PUCSNAME
  2

  9
$PUCSORG
 10
0.0
 20
0.0
 30
0.0
  9
$PUCSXDIR
 10
1.0
 20
0.0
 30
0.0
  9
$PUCSYDIR
 10
0.0
 20
1.0
 30
0.0
  9
$PUCSORTHOREF
  2

  9
$PUCSORTHOVIEW
 70
     0
  9
$PUCSORGTOP
 10
0.0
 20
0.0
 30
0.0
  9
$PUCSORGBOTTOM
 10
0.0
 20
0.0
 30
0.0
  9
$PUCSORGLEFT
 10
0.0
 20
0.0
 30
0.0
  9
$PUCSORGRIGHT
 10
0.0
 20
0.0
 30
0.0
  9
$PUCSORGFRONT
 10
0.0
 20
0.0
 30
0.0
  9
$PUCSORGBACK
 10
0.0
 20
0.0
 30
0.0
  9
$USERI1
 70
     0
  9
$USERI2
 70
     0
  9
$USERI3
 70
     0
  9
$USERI4
 70
     0
  9
$USERI5
 70
     0
  9
$USERR1
 40
0.0
  9
$USERR2
 40
0.0
  9
$USERR3
 40
0.0
  9
$USERR4
 40
0.0
  9
$USERR5
 40
0.0
  9
$WORLDVIEW
 70
     1
  9
$SHADEDGE
 70
     3
  9
$SHADEDIF
 70
    70
  9
$TILEMODE
 70
     1
  9
$MAXACTVP
 70
    64
  9
$PINSBASE
 10
0.0
 20
0.0
 30
0.0
  9
$PLIMCHECK
 70
     0
  9
$PEXTMIN
 10
1.000000000000000E+20
 20
1.000000000000000E+20
 30
1.000000000000000E+20
  9
$PEXTMAX
 10
-1.000000000000000E+20
 20
-1.000000000000000E+20
 30
-1.000000000000000E+20
  9
$PLIMMIN
 10
0.0
 20
0.0
  9
$PLIMMAX
 10
420.0
 20
297.0
  9
$UNITMODE
 70
     0
  9
$VISRETAIN
 70
     1
  9
$PLINEGEN
 70
     0
  9
$PSLTSCALE
 70
     1
  9
$TREEDEPTH
 70
  3020
  9
$CMLSTYLE
  2
Standard
  9
$CMLJUST
 70
     0
  9
$CMLSCALE
 40
20.0
  9
$PROXYGRAPHICS
 70
     1
  9
$MEASUREMENT
 70
     0
  9
$CELWEIGHT
370
    -1
  9
$ENDCAPS
280
     0
  9
$JOINSTYLE
280
     0
  9
$LWDISPLAY
290
     0
  9
$INSUNITS
 70
     6
  9
$HYPERLINKBASE
  1

  9
$STYLESHEET
  1

  9
$XEDIT
290
     1
  9
$CEPSNTYPE
380
     0
  9
$PSTYLEMODE
290
     1
  9
$FINGERPRINTGUID
  2
{ACB21B29-C11B-4AE0-A258-C4AAC04DCAE4}
  9
$VERSIONGUID
  2
{CAF67F9B-80A2-E240-A945-DFE2D942A089}
  9
$EXTNAMES
290
     1
  9
$PSVPSCALE
 40
0.0
  9
$OLESTARTUP
290
     0
  9
$SORTENTS
280
   127
  9
$INDEXCTL
280
     0
  9
$HIDETEXT
280
     1
  9
$XCLIPFRAME
280
     1
  9
$HALOGAP
280
     0
  9
$OBSCOLOR
 70
   257
  9
$OBSLTYPE
280
     0
  9
$INTERSECTIONDISPLAY
280
     0
  9
$INTERSECTIONCOLOR
 70
   257
  9
$DIMASSOC
280
     2
  9
$PROJECTNAME
  1

  9
$CAMERADISPLAY
290
     0
  9
$LENSLENGTH
 40
50.0
  9
$CAMERAHEIGHT
 40
0.0
  9
$STEPSPERSEC
 40
24.0
  9
$STEPSIZE
 40
100.0
  9
$3DDWFPREC
 40
2.0
  9
$PSOLWIDTH
 40
0.005
  9
$PSOLHEIGHT
 40
0.08
  9
$LOFTANG1
 40
1.570796326795
  9
$LOFTANG2
 40
1.570796326795
  9
$LOFTMAG1
 40
0.0
  9
$LOFTMAG2
 40
0.0
  9
$LOFTPARAM
 70
     7
  9
$LOFTNORMALS
280
     1
  9
$LATITUDE
 40
37.795
  9
$LONGITUDE
 40
-122.394
  9
$NORTHDIRECTION
 40
0.0
  9
$TIMEZONE
 70
 -8000
  9
$LIGHTGLYPHDISPLAY
280
     1
  9
$TILEMODELIGHTSYNCH
280
     1
  9
$CMATERIAL
347
20
  9
$SOLIDHIST
280
     0
  9
$SHOWHIST
280
     1
  9
$DWFFRAME
280
     2
  9
$DGNFRAME
280
     2
  9
$REALWORLDSCALE
290
     1
  9
$INTERFERECOLOR
 62
   256
  9
$INTERFEREOBJVS
345
466
  9
$INTERFEREVPVS
346
463
  9
$CSHADOW
280
     0
  9
$SHADOWPLANELOCATION
 40
0.0
  0
ENDSEC
  0
SECTION
  2
CLASSES
  0
CLASS
  1
ACDBDICTIONARYWDFLT
  2
AcDbDictionaryWithDefault
  3
ObjectDBX Classes
 90
        0
 91
        1
280
     0
281
     0
  0
CLASS
  1
SUN
  2
AcDbSun
  3
SCENEOE
 90
     1153
 91
        0
280
     0
281
     0
  0
CLASS
  1
VISUALSTYLE
  2
AcDbVisualStyle
  3
ObjectDBX Classes
 90
     4095
 91
       24
280
     0
281
     0
  0
CLASS
  1
MATERIAL
  2
AcDbMaterial
  3
ObjectDBX Classes
 90
     1153
 91
        3
280
     0
281
     0
  0
CLASS
  1
SCALE
  2
AcDbScale
  3
ObjectDBX Classes
 90
     1153
 91
       17
280
     0
281
     0
  0
CLASS
  1
TABLESTYLE
  2
AcDbTableStyle
  3
ObjectDBX Classes
 90
     4095
 91
        1
280
     0
281
     0
  0
CLASS
  1
MLEADERSTYLE
  2
AcDbMLeaderStyle
  3
ACDB_MLEADERSTYLE_CLASS
 90
     4095
 91
        1
280
     0
281
     0
  0
CLASS
  1
DICTIONARYVAR
  2
AcDbDictionaryVar
  3
ObjectDBX Classes
 90
        0
 91
       35
280
     0
281
     0
  0
CLASS
  1
CELLSTYLEMAP
  2
AcDbCellStyleMap
  3
ObjectDBX Classes
 90
     1152
 91
        2
280
     0
281
     0
  0
CLASS
  1
MENTALRAYRENDERSETTINGS
  2
AcDbMentalRayRenderSettings
  3
SCENEOE
 90
     1024
 91
        0
280
     0
281
     0
  0
CLASS
  1
ACDBDETAILVIEWSTYLE
  2
AcDbDetailViewStyle
  3
ObjectDBX Classes
 90
     1025
 91
        2
280
     0
281
     0
  0
CLASS
  1
ACDBSECTIONVIEWSTYLE
  2
AcDbSectionViewStyle
  3
ObjectDBX Classes
 90
     1025
 91
        2
280
     0
281
     0
  0
CLASS
  1
RASTERVARIABLES
  2
AcDbRasterVariables
  3
ISM
 90
        0
 91
        0
280
     0
281
     0
  0
CLASS
  1
ACAD_EVALUATION_GRAPH
  2
AcDbEvalGraph
  3
ObjectDBX Classes
 90
     1153
 91
        0
280
     0
281
     0
  0
CLASS
  1
ACAECUSTOBJ
  2
AcAeEditorObj
  3
AcAeEditorObj
 90
     1024
 91
        0
280
     0
281
     0
  0
CLASS
  1
SORTENTSTABLE
  2
AcDbSortentsTable
  3
ObjectDBX Classes
 90
        0
 91
        1
280
     0
281
     0
  0
CLASS
  1
ACDB_DYNAMICBLOCKPURGEPREVENTER_VERSION
  2
AcDbDynamicBlockPurgePreventer
  3
ObjectDBX Classes
 90
     1153
 91
        0
280
     0
281
     0
  0
ENDSEC
  0
SECTION
  2
TABLES
  0
TABLE
  2
VPORT
  5
8
330
0
100
AcDbSymbolTable
 70
     1
  0
VPORT
  5
23
330
8
100
AcDbSymbolTableRecord
100
AcDbViewportTableRecord
  2
*Active
 70
     0
 10
0.0
 20
0.0
 11
1.0
 21
1.0
 12
210.0
 22
148.5
 13
0.0
 23
0.0
 14
0.5
 24
0.5
 15
0.5
 25
0.5
 16
0.0
 26
0.0
 36
1.0
 17
0.0
 27
0.0
 37
0.0
 40
299.4715672676838
 41
2.668055555555555
 42
50.0
 43
0.0
 44
0.0
 50
0.0
 51
0.0
 71
     0
 72
  1000
 73
     1
 74
     3
 75
     0
 76
     0
 77
     0
 78
     0
281
     0
 65
     0
110
0.0
120
0.0
130
0.0
111
1.0
121
0.0
131
0.0
112
0.0
122
1.0
132
0.0
 79
     0
146
0.0
348
462
 60
     3
 61
     5
292
     1
282
     1
141
0.0
142
0.0
 63
   250
421
  3355443
1001
ACAD_NAV_VCDISPLAY
1070
     3
  0
ENDTAB
  0
TABLE
  2
LTYPE
  5
2
330
0
100
AcDbSymbolTable
 70
     3
  0
LTYPE
  5
24
330
2
100
AcDbSymbolTableRecord
100
AcDbLinetypeTableRecord
  2
ByBlock
 70
     0
  3

 72
    65
 73
     0
 40
0.0
  0
LTYPE
  5
25
330
2
100
AcDbSymbolTableRecord
100
AcDbLinetypeTableRecord
  2
ByLayer
 70
     0
  3

 72
    65
 73
     0
 40
0.0
  0
LTYPE
  5
26
330
2
100
AcDbSymbolTableRecord
100
AcDbLinetypeTableRecord
  2
Continuous
 70
     0
  3

 72
    65
 73
     0
 40
0.0
  0
LTYPE
  5
4AA
330
2
100
AcDbSymbolTableRecord
100
AcDbLinetypeTableRecord
  2
HIDDEN
 70
     0
  3
__ __ __ __ __ __ __ __ __ __ __ __ __ __ __ __
 72
    65
 73
     2
 40
0.375
 49
0.25
 74
     0
 49
-0.125
 74
     0
  0
LTYPE
  5
4AB
330
2
100
AcDbSymbolTableRecord
100
AcDbLinetypeTableRecord
  2
DASHED
 70
     0
  3
Dashed __ __ __ __ __ __ __ __ __ __ __ __ __ _
 72
    65
 73
     2
 40
0.75
 49
0.5
 74
     0
 49
-0.25
 74
     0
  0
ENDTAB
  0
TABLE
  2
LAYER
  5
1
102
{ACAD_XDICTIONARY
360
4BF
102
}
330
0
100
AcDbSymbolTable
 70
    12
  0
LAYER
  5
27
330
1
100
AcDbSymbolTableRecord
100
AcDbLayerTableRecord
  2
0
 70
     0
 62
     7
  6
Continuous
370
    -3
390
13
347
21
348
0
  0
LAYER
  5
28
330
1
100
AcDbSymbolTableRecord
100
AcDbLayerTableRecord
  2
Defpoints
 70
     0
 62
     7
  6
Continuous
290
     0
370
    -3
390
13
347
21
348
0
  0
LAYER
  5
2F
330
1
100
AcDbSymbolTableRecord
100
AcDbLayerTableRecord
  2
STEEL_MAIN_BEAM
 70
     0
 62
     8
  6
Continuous
370
    -3
390
13
347
21
348
0
  0
LAYER
  5
30
330
1
100
AcDbSymbolTableRecord
100
AcDbLayerTableRecord
  2
STEEL_SECONDARY_BEAM
 70
     0
 62
     7
  6
Continuous
370
    -3
390
13
347
21
348
0
  0
LAYER
  5
31
330
1
100
AcDbSymbolTableRecord
100
AcDbLayerTableRecord
  2
STEEL_COLUMN
 70
     0
 62
     3
  6
Continuous
370
    -3
390
13
347
21
348
0
  0
LAYER
  5
32
330
1
100
AcDbSymbolTableRecord
100
AcDbLayerTableRecord
  2
STEEL_CONNECTION
 70
     0
 62
     1
  6
Continuous
370
    -3
390
13
347
21
348
0
  0
LAYER
  5
33
330
1
100
AcDbSymbolTableRecord
100
AcDbLayerTableRecord
  2
STEEL_LABEL
 70
     0
 62
     3
  6
Continuous
370
    -3
390
13
347
21
348
0
  0
LAYER
  5
4AC
102
{ACAD_XDICTIONARY
360
4AD
102
}
330
1
100
AcDbSymbolTableRecord
100
AcDbLayerTableRecord
  2
Marks_Layer
 70
     0
 62
     1
  6
Continuous
370
    20
390
13
347
21
348
0
  0
LAYER
  5
4AE
102
{ACAD_XDICTIONARY
360
4AF
102
}
330
1
100
AcDbSymbolTableRecord
100
AcDbLayerTableRecord
  2
assign
 70
     0
 62
     2
  6
Continuous
370
    -3
390
13
347
21
348
0
  0
LAYER
  5
521
102
{ACAD_XDICTIONARY
360
522
102
}
330
1
100
AcDbSymbolTableRecord
100
AcDbLayerTableRecord
  2
Texts_Layer
 70
     0
 62
     3
  6
Continuous
370
    20
390
13
347
21
348
0
  0
LAYER
  5
5BA
102
{ACAD_XDICTIONARY
360
5BB
102
}
330
1
100
AcDbSymbolTableRecord
100
AcDbLayerTableRecord
  2
RTEXT
 70
     0
 62
     2
  6
Continuous
370
    -3
390
13
347
21
348
0
  0
LAYER
  5
5BC
102
{ACAD_XDICTIONARY
360
5BD
102
}
330
1
100
AcDbSymbolTableRecord
100
AcDbLayerTableRecord
  2
RBARS
 70
     0
 62
     5
  6
Continuous
370
    -3
390
13
347
21
348
0
  0
ENDTAB
  0
TABLE
  2
STYLE
  5
5
330
0
100
AcDbSymbolTable
 70
     9
  0
STYLE
  5
29
330
5
100
AcDbSymbolTableRecord
100
AcDbTextStyleTableRecord
  2
Standard
 70
     0
 40
0.0
 41
1.0
 50
0.0
 71
     0
 42
2.5
  3
txt
  4

  0
STYLE
  5
4B0
330
5
100
AcDbSymbolTableRecord
100
AcDbTextStyleTableRecord
  2
SAZE_STYLE
 70
     0
 40
0.0
 41
1.0
 50
15.0
 71
     0
 42
0.8
  3
romansp.shx
  4

  0
STYLE
  5
4B1
330
5
100
AcDbSymbolTableRecord
100
AcDbTextStyleTableRecord
  2
TITLE1
 70
     0
 40
0.0
 41
1.0
 50
0.0
 71
     0
 42
124.0758648277406
  3
arial.ttf
  4

1001
ACAD
1000
Arial
1071
       34
  0
STYLE
  5
4B2
330
5
100
AcDbSymbolTableRecord
100
AcDbTextStyleTableRecord
  2
TERAFIC
 70
     0
 40
0.5
 41
1.0
 50
1.0
 71
     2
 42
0.5
  3
naskhesh.shx
  4

  0
STYLE
  5
4B3
330
5
100
AcDbSymbolTableRecord
100
AcDbTextStyleTableRecord
  2
Romanx-Dim
 70
     0
 40
0.0
 41
0.75
 50
0.0
 71
     0
 42
1.353826879080202
  3
romanx.shx
  4

  0
STYLE
  5
4B4
330
5
100
AcDbSymbolTableRecord
100
AcDbTextStyleTableRecord
  2
Dim style
 70
     0
 40
0.21
 41
1.0
 50
0.0
 71
     0
 42
0.148734369780868
  3
arial.ttf
  4

1001
ACAD
1000
Arial
1071
       34
  0
STYLE
  5
523
330
5
100
AcDbSymbolTableRecord
100
AcDbTextStyleTableRecord
  2
Details_TS
 70
     0
 40
1.0
 41
1.0
 50
0.0
 71
     0
 42
2.5
  3
Times New Roman
  4

  0
STYLE
  5
5BE
330
5
100
AcDbSymbolTableRecord
100
AcDbTextStyleTableRecord
  2
RS
 70
     0
 40
0.0
 41
1.0
 50
0.0
 71
     0
 42
0.2
  3
ROMANS.SHX
  4

  0
STYLE
  5
5BF
330
5
100
AcDbSymbolTableRecord
100
AcDbTextStyleTableRecord
  2
ROMANS
 70
     0
 40
0.0
 41
1.0
 50
0.0
 71
     0
 42
1.0
  3
romans.shx
  4

  0
ENDTAB
  0
TABLE
  2
VIEW
  5
7
330
0
100
AcDbSymbolTable
 70
     0
  0
ENDTAB
  0
TABLE
  2
UCS
  5
6
330
0
100
AcDbSymbolTable
 70
     0
  0
ENDTAB
  0
TABLE
  2
APPID
  5
3
330
0
100
AcDbSymbolTable
 70
    13
  0
APPID
  5
2A
330
3
100
AcDbSymbolTableRecord
100
AcDbRegAppTableRecord
  2
ACAD
 70
     0
  0
APPID
  5
457
330
3
100
AcDbSymbolTableRecord
100
AcDbRegAppTableRecord
  2
HATCHBACKGROUNDCOLOR
 70
     0
  0
APPID
  5
458
330
3
100
AcDbSymbolTableRecord
100
AcDbRegAppTableRecord
  2
EZDXF
 70
     0
  0
APPID
  5
493
330
3
100
AcDbSymbolTableRecord
100
AcDbRegAppTableRecord
  2
ACAUTHENVIRON
 70
     0
  0
APPID
  5
4BA
330
3
100
AcDbSymbolTableRecord
100
AcDbRegAppTableRecord
  2
ACAD_DSTYLE_DIMJAG
 70
     0
  0
APPID
  5
4BB
330
3
100
AcDbSymbolTableRecord
100
AcDbRegAppTableRecord
  2
ACAD_DSTYLE_DIMTALN
 70
     0
  0
APPID
  5
4BC
330
3
100
AcDbSymbolTableRecord
100
AcDbRegAppTableRecord
  2
ACAD_NAV_VCDISPLAY
 70
     0
  0
APPID
  5
4BD
330
3
100
AcDbSymbolTableRecord
100
AcDbRegAppTableRecord
  2
ACAD_DSTYLE_DIMJOGGED_JOGANGLE_SYMBOL
 70
     0
  0
APPID
  5
4BE
330
3
100
AcDbSymbolTableRecord
100
AcDbRegAppTableRecord
  2
ACAD_DSTYLE_DIMBREAK
 70
     0
  0
APPID
  5
4CF
330
3
100
AcDbSymbolTableRecord
100
AcDbRegAppTableRecord
  2
AcDbDynamicBlockTrueName
 70
     0
  0
APPID
  5
4D0
330
3
100
AcDbSymbolTableRecord
100
AcDbRegAppTableRecord
  2
AcDbDynamicBlockGUID
 70
     0
  0
APPID
  5
4D9
330
3
100
AcDbSymbolTableRecord
100
AcDbRegAppTableRecord
  2
ACAD_EXEMPT_FROM_CAD_STANDARDS
 70
     0
  0
APPID
  5
5C3
330
3
100
AcDbSymbolTableRecord
100
AcDbRegAppTableRecord
  2
ACAD_PSEXT
 70
     0
  0
ENDTAB
  0
TABLE
  2
DIMSTYLE
  5
4
330
0
100
AcDbSymbolTable
 70
     9
100
AcDbDimStyleTable
 71
     1
340
2B
  0
DIMSTYLE
105
2B
330
4
100
AcDbSymbolTableRecord
100
AcDbDimStyleTableRecord
  2
Standard
 70
     0
 41
2.5
 42
0.625
 43
3.75
 44
1.25
 49
2.5
 73
     0
 74
     0
 77
     1
 78
     8
 79
     3
140
2.5
141
2.5
143
0.03937007874
147
0.625
171
     3
172
     1
179
     2
271
     2
272
     2
274
     3
278
    44
283
     0
284
     8
340
29
  0
DIMSTYLE
105
4B5
330
4
100
AcDbSymbolTableRecord
100
AcDbDimStyleTableRecord
  2
SAZE_DIM_STYLE
 70
     0
 41
0.2
 42
0.05
 43
3.75
 44
0.1
 73
     0
 74
     0
 77
     1
140
0.2
141
2.5
143
0.03937007874016
147
0.05
171
     3
172
     1
174
     1
176
     2
177
     2
178
     3
271
     2
272
     2
274
     3
279
     1
283
     0
284
     8
340
4B0
  0
DIMSTYLE
105
4B6
330
4
100
AcDbSymbolTableRecord
100
AcDbDimStyleTableRecord
  2
riz
 70
     0
 40
0.01
 41
10.0
 42
10.0
 43
200.0
 44
7.0
 46
5.0
 49
1.25
 50
70.0
 73
     0
 74
     0
 78
     8
140
18.0
143
0.03937007874016
144
100.0
147
0.625
171
     3
172
     1
176
     1
177
     3
178
     7
271
     0
272
     0
274
     3
278
    44
283
     0
284
     8
340
4B1
341
49F
342
497
345
26
346
4AA
347
4AA
371
    15
372
    13
1001
ACAD_DSTYLE_DIMJAG
1070
   388
1040
1.5
1001
ACAD_DSTYLE_DIMTALN
1070
   392
1070
     0
1001
ACAD_DSTYLE_DIMJOGGED_JOGANGLE_SYMBOL
1070
   384
1040
1.221730476396029
  0
DIMSTYLE
105
4B7
330
4
100
AcDbSymbolTableRecord
100
AcDbDimStyleTableRecord
  2
DIM-10
 70
     0
 41
0.15
 42
0.2
 43
3.75
 44
0.15
 73
     0
 74
     0
 77
     1
 78
     8
140
0.2
141
0.0
143
0.03937007874016
144
100.0
147
0.1
171
     3
172
     1
176
     2
177
     2
178
     2
271
     0
272
     0
274
     3
278
    44
283
     0
284
     8
340
4B3
342
49B
1001
ACAD_DSTYLE_DIMJAG
1070
   388
1040
1.5
1001
ACAD_DSTYLE_DIMTALN
1070
   392
1070
     0
  0
DIMSTYLE
105
4B8
330
4
100
AcDbSymbolTableRecord
100
AcDbDimStyleTableRecord
  2
DIM 1.100
 70
     0
 41
0.16
 42
0.2
 43
0.3
 44
0.07
 73
     0
 74
     0
 77
     1
 78
     8
140
0.2
141
0.25
143
0.03937007874016
144
1000.0
147
0.1
171
     3
172
     1
176
     1
177
     1
178
     7
271
     0
272
     0
274
     3
278
    44
283
     0
284
     8
340
4B3
342
497
1001
ACAD_DSTYLE_DIMBREAK
1070
   391
1040
0.375
1001
ACAD_DSTYLE_DIMJAG
1070
   388
1040
1.5
1001
ACAD_DSTYLE_DIMTALN
1070
   392
1070
     0
  0
DIMSTYLE
105
4B9
330
4
100
AcDbSymbolTableRecord
100
AcDbDimStyleTableRecord
  2
dim c
 70
     0
 41
0.0965
 42
0.0
 43
0.3
 44
0.0
 46
0.0005
 49
1.25
 50
90.0
 73
     0
 74
     0
 75
     1
 76
     1
 90
        1
140
0.21
141
0.0
174
     1
176
   251
177
     1
178
     3
271
     2
272
     2
340
4B4
341
497
342
49B
345
25
346
25
347
25
371
    -1
372
    -1
1001
ACAD_DSTYLE_DIMBREAK
1070
   391
1040
0.125
1001
ACAD_DSTYLE_DIMJAG
1070
   388
1040
1.5
1001
ACAD_DSTYLE_DIMTALN
1070
   392
1070
     0
1001
ACAD_DSTYLE_DIMJOGGED_JOGANGLE_SYMBOL
1070
   384
1040
1.570796326794896
  0
DIMSTYLE
105
5C0
330
4
100
AcDbSymbolTableRecord
100
AcDbDimStyleTableRecord
  2
Dim 100 cm
 70
     0
 41
0.2
 42
0.0
 43
0.4
 44
0.1
 49
0.1
 73
     0
 74
     0
 77
     3
140
0.2
144
100.0
172
     1
176
     1
177
     1
178
     2
271
     0
272
     0
279
     2
289
     2
290
     1
340
5BE
345
25
371
    -1
1001
ACAD_DSTYLE_DIMBREAK
1070
   391
1040
0.125
1001
ACAD_DSTYLE_DIMJAG
1070
   388
1040
1.5
1001
ACAD_DSTYLE_DIMTALN
1070
   392
1070
     0
  0
DIMSTYLE
105
5C1
330
4
100
AcDbSymbolTableRecord
100
AcDbDimStyleTableRecord
  2
EDX
 70
     0
 42
0.0
140
0.2
144
50.0
176
     2
177
     2
178
     2
271
     0
340
5BF
  0
DIMSTYLE
105
5C2
330
4
100
AcDbSymbolTableRecord
100
AcDbDimStyleTableRecord
  2
yqi3_937
 70
     0
340
29
  0
ENDTAB
  0
TABLE
  2
BLOCK_RECORD
  5
9
330
0
100
AcDbSymbolTable
 70
    17
  0
BLOCK_RECORD
  5
17
330
9
100
AcDbSymbolTableRecord
100
AcDbBlockTableRecord
  2
*Model_Space
340
1A
 70
     0
280
     1
281
     0
  0
BLOCK_RECORD
  5
1B
330
9
100
AcDbSymbolTableRecord
100
AcDbBlockTableRecord
  2
*Paper_Space
340
1E
 70
     0
280
     1
281
     0
  0
BLOCK_RECORD
  5
3A
330
9
100
AcDbSymbolTableRecord
100
AcDbBlockTableRecord
  2
STEEL_PIN_SYMBOL
340
0
 70
     0
280
     1
281
     0
  0
BLOCK_RECORD
  5
68
102
{ACAD_XDICTIONARY
360
494
102
}
330
9
100
AcDbSymbolTableRecord
100
AcDbBlockTableRecord
  2
STEEL_FIXED_SYMBOL
340
0
 70
     0
280
     1
281
     0
1001
AcDbDynamicBlockGUID
1000
{98B73DBE-DD4F-5744-A8E0-E3BEFB0D5866}
  0
BLOCK_RECORD
  5
40E
330
9
100
AcDbSymbolTableRecord
100
AcDbBlockTableRecord
  2
STEEL_COLUMN_BOX_300x30
340
0
 70
     0
280
     1
281
     0
  0
BLOCK_RECORD
  5
417
330
9
100
AcDbSymbolTableRecord
100
AcDbBlockTableRecord
  2
STEEL_COLUMN_BOX_300x25
340
0
 70
     0
280
     1
281
     0
  0
BLOCK_RECORD
  5
422
330
9
100
AcDbSymbolTableRecord
100
AcDbBlockTableRecord
  2
STEEL_COLUMN_BOX_400x30
340
0
 70
     0
280
     1
281
     0
  0
BLOCK_RECORD
  5
42D
330
9
100
AcDbSymbolTableRecord
100
AcDbBlockTableRecord
  2
STEEL_COLUMN_BOX_300x20
340
0
 70
     0
280
     1
281
     0
  0
BLOCK_RECORD
  5
436
330
9
100
AcDbSymbolTableRecord
100
AcDbBlockTableRecord
  2
STEEL_COLUMN_BOX_300x15
340
0
 70
     0
280
     1
281
     0
  0
BLOCK_RECORD
  5
497
330
9
100
AcDbSymbolTableRecord
100
AcDbBlockTableRecord
  2
_Oblique
340
0
 70
     0
280
     1
281
     0
  0
BLOCK_RECORD
  5
49B
330
9
100
AcDbSymbolTableRecord
100
AcDbBlockTableRecord
  2
_ARCHTICK
340
0
310
2800000020000000200000000100080000000000000400000000000000000000000000000000000000000000000080000080000000808000800000008000800080800000C0C0C000C0DCC000F0CAA6000020400000206000002080000020A0000020C0000020E00000400000004020000040400000406000004080000040A0
310
000040C0000040E00000600000006020000060400000606000006080000060A0000060C0000060E00000800000008020000080400000806000008080000080A0000080C0000080E00000A0000000A0200000A0400000A0600000A0800000A0A00000A0C00000A0E00000C0000000C0200000C0400000C0600000C0800000C0
310
A00000C0C00000C0E00000E0000000E0200000E0400000E0600000E0800000E0A00000E0C00000E0E00040000000400020004000400040006000400080004000A0004000C0004000E00040200000402020004020400040206000402080004020A0004020C0004020E000404000004040200040404000404060004040800040
310
40A0004040C0004040E00040600000406020004060400040606000406080004060A0004060C0004060E00040800000408020004080400040806000408080004080A0004080C0004080E00040A0000040A0200040A0400040A0600040A0800040A0A00040A0C00040A0E00040C0000040C0200040C0400040C0600040C08000
310
40C0A00040C0C00040C0E00040E0000040E0200040E0400040E0600040E0800040E0A00040E0C00040E0E00080000000800020008000400080006000800080008000A0008000C0008000E00080200000802020008020400080206000802080008020A0008020C0008020E00080400000804020008040400080406000804080
310
008040A0008040C0008040E00080600000806020008060400080606000806080008060A0008060C0008060E00080800000808020008080400080806000808080008080A0008080C0008080E00080A0000080A0200080A0400080A0600080A0800080A0A00080A0C00080A0E00080C0000080C0200080C0400080C0600080C0
310
800080C0A00080C0C00080C0E00080E0000080E0200080E0400080E0600080E0800080E0A00080E0C00080E0E000C0000000C0002000C0004000C0006000C0008000C000A000C000C000C000E000C0200000C0202000C0204000C0206000C0208000C020A000C020C000C020E000C0400000C0402000C0404000C0406000C0
310
408000C040A000C040C000C040E000C0600000C0602000C0604000C0606000C0608000C060A000C060C000C060E000C0800000C0802000C0804000C0806000C0808000C080A000C080C000C080E000C0A00000C0A02000C0A04000C0A06000C0A08000C0A0A000C0A0C000C0A0E000C0C00000C0C02000C0C04000C0C06000
310
C0C08000C0C0A000F0FBFF00A4A0A000808080000000FF0000FF000000FFFF00FF000000FF00FF00FFFF0000FFFFFF00000000FF000000000000000000000000000000000000000000000000000000000000FF00FF00000000000000000000000000000000000000000000000000000000FF000000FF000000000000000000
310
0000000000000000000000000000000000FF0000000000FF0000000000000000000000000000000000000000000000000000FF0000000000FF0000000000000000000000000000000000000000000000000000FF0000000000FF0000000000000000000000000000000000000000000000000000FF0000000000FF00000000
310
00000000000000000000000000000000000000000000FF0000000000FF0000000000000000000000000000000000000000000000000000FF0000000000FF0000000000000000000000000000000000000000000000000000FF0000000000FF0000000000000000000000000000000000000000000000000000FF0000000000
310
FF0000000000000000000000000000000000000000000000000000FF0000000000FF0000000000000000000000000000000000000000000000000000FF0000000000FF0000000000000000000000000000000000000000000000000000FF0000000000FF0000000000000000000000000000000000000000000000000000FF
310
0000000000FF0000000000000000000000000000000000000000000000000000FF0000000000FF0000000000000000000000000000000000000000000000000000FF0000000000FF0000000000000000000000000000000000000000000000000000FF0000000000FF00000000000000000000000000000000000000000000
310
00000000FF0000000000FF0000000000000000000000000000000000000000000000000000FF0000000000FF0000000000000000000000000000000000000000000000000000FF0000000000FF0000000000000000000000000000000000000000000000000000FF0000000000FF0000000000000000000000000000000000
310
000000000000000000FF0000000000FF0000000000000000000000000000000000000000000000000000FF0000000000FF0000000000000000000000000000000000000000000000000000FF0000000000FF0000000000000000000000000000000000000000000000000000FF0000000000FF000000000000000000000000
310
0000000000000000000000000000FF0000000000FF0000000000000000000000000000000000000000000000000000FF0000000000FF0000000000000000000000000000000000000000000000000000FF0000000000FF0000000000000000000000000000000000000000000000000000FF000000FF000000000000000000
310
00000000000000000000000000000000000000FF00FF000000000000000000000000000000000000000000000000000000000000FF000000
 70
     0
280
     1
281
     0
  0
BLOCK_RECORD
  5
49F
330
9
100
AcDbSymbolTableRecord
100
AcDbBlockTableRecord
  2
_ClosedBlank
340
0
 70
     0
280
     1
281
     0
  0
BLOCK_RECORD
  5
4A5
330
9
100
AcDbSymbolTableRecord
100
AcDbBlockTableRecord
  2
BeamTriangleMark
340
0
102
{BLKREFS
331
4CE
102
}
 70
     0
280
     1
281
     0
  0
BLOCK_RECORD
  5
587
330
9
100
AcDbSymbolTableRecord
100
AcDbBlockTableRecord
  2
TL
340
0
102
{BLKREFS
102
}
 70
     0
280
     1
281
     0
  0
BLOCK_RECORD
  5
58F
330
9
100
AcDbSymbolTableRecord
100
AcDbBlockTableRecord
  2
TI
340
0
102
{BLKREFS
102
}
 70
     0
280
     1
281
     0
  0
BLOCK_RECORD
  5
594
330
9
100
AcDbSymbolTableRecord
100
AcDbBlockTableRecord
  2
TU
340
0
102
{BLKREFS
102
}
 70
     0
280
     1
281
     0
  0
BLOCK_RECORD
  5
59F
330
9
100
AcDbSymbolTableRecord
100
AcDbBlockTableRecord
  2
TO
340
0
102
{BLKREFS
102
}
 70
     0
280
     1
281
     0
  0
BLOCK_RECORD
  5
5AF
330
9
100
AcDbSymbolTableRecord
100
AcDbBlockTableRecord
  2
tc
340
0
102
{BLKREFS
102
}
 70
     0
280
     1
281
     0
  0
ENDTAB
  0
ENDSEC
  0
SECTION
  2
BLOCKS
  0
BLOCK
  5
18
330
17
100
AcDbEntity
  8
0
100
AcDbBlockBegin
  2
*Model_Space
 70
     0
 10
0.0
 20
0.0
 30
0.0
  3
*Model_Space
  1

  0
ENDBLK
  5
19
330
17
100
AcDbEntity
  8
0
100
AcDbBlockEnd
  0
BLOCK
  5
1C
330
1B
100
AcDbEntity
 67
     1
  8
0
100
AcDbBlockBegin
  2
*Paper_Space
 70
     0
 10
0.0
 20
0.0
 30
0.0
  3
*Paper_Space
  1

  0
ENDBLK
  5
1D
330
1B
100
AcDbEntity
 67
     1
  8
0
100
AcDbBlockEnd
  0
BLOCK
  5
3B
330
3A
100
AcDbEntity
  8
0
100
AcDbBlockBegin
  2
STEEL_PIN_SYMBOL
 70
     0
 10
0.0
 20
0.0
 30
0.0
  3
STEEL_PIN_SYMBOL
  1

  0
CIRCLE
  5
3D
330
3A
100
AcDbEntity
  8
0
 62
     1
100
AcDbCircle
 10
0.0
 20
0.0
 30
0.0
 40
0.06
  0
SOLID
  5
3E
330
3A
100
AcDbEntity
  8
0
 62
     1
100
AcDbTrace
 10
0.0
 20
0.0
 30
0.0
 11
0.06
 21
0.0
 31
0.0
 12
0.0588471168241938
 22
0.0117054193209677
 32
0.0
 13
0.0588471168241938
 23
0.0117054193209677
 33
0.0
  0
SOLID
  5
3F
330
3A
100
AcDbEntity
  8
0
 62
     1
100
AcDbTrace
 10
0.0
 20
0.0
 30
0.0
 11
0.0588471168241938
 21
0.0117054193209677
 31
0.0
 12
0.0554327719506772
 22
0.0229610059419054
 32
0.0
 13
0.0554327719506772
 23
0.0229610059419054
 33
0.0
  0
SOLID
  5
40
330
3A
100
AcDbEntity
  8
0
 62
     1
100
AcDbTrace
 10
0.0
 20
0.0
 30
0.0
 11
0.0554327719506772
 21
0.0229610059419054
 31
0.0
 12
0.0498881767381527
 22
0.0333342139811761
 32
0.0
 13
0.0498881767381527
 23
0.0333342139811761
 33
0.0
  0
SOLID
  5
41
330
3A
100
AcDbEntity
  8
0
 62
     1
100
AcDbTrace
 10
0.0
 20
0.0
 30
0.0
 11
0.0498881767381527
 21
0.0333342139811761
 31
0.0
 12
0.0424264068711929
 22
0.0424264068711929
 32
0.0
 13
0.0424264068711929
 23
0.0424264068711929
 33
0.0
  0
SOLID
  5
42
330
3A
100
AcDbEntity
  8
0
 62
     1
100
AcDbTrace
 10
0.0
 20
0.0
 30
0.0
 11
0.0424264068711929
 21
0.0424264068711929
 31
0.0
 12
0.0333342139811761
 22
0.0498881767381527
 32
0.0
 13
0.0333342139811761
 23
0.0498881767381527
 33
0.0
  0
SOLID
  5
43
330
3A
100
AcDbEntity
  8
0
 62
     1
100
AcDbTrace
 10
0.0
 20
0.0
 30
0.0
 11
0.0333342139811761
 21
0.0498881767381527
 31
0.0
 12
0.0229610059419054
 22
0.0554327719506772
 32
0.0
 13
0.0229610059419054
 23
0.0554327719506772
 33
0.0
  0
SOLID
  5
44
330
3A
100
AcDbEntity
  8
0
 62
     1
100
AcDbTrace
 10
0.0
 20
0.0
 30
0.0
 11
0.0229610059419054
 21
0.0554327719506772
 31
0.0
 12
0.0117054193209677
 22
0.0588471168241938
 32
0.0
 13
0.0117054193209677
 23
0.0588471168241938
 33
0.0
  0
SOLID
  5
45
330
3A
100
AcDbEntity
  8
0
 62
     1
100
AcDbTrace
 10
0.0
 20
0.0
 30
0.0
 11
0.0117054193209677
 21
0.0588471168241938
 31
0.0
 12
0.0
 22
0.06
 32
0.0
 13
0.0
 23
0.06
 33
0.0
  0
SOLID
  5
46
330
3A
100
AcDbEntity
  8
0
 62
     1
100
AcDbTrace
 10
0.0
 20
0.0
 30
0.0
 11
0.0
 21
0.06
 31
0.0
 12
-0.0117054193209677
 22
0.0588471168241938
 32
0.0
 13
-0.0117054193209677
 23
0.0588471168241938
 33
0.0
  0
SOLID
  5
47
330
3A
100
AcDbEntity
  8
0
 62
     1
100
AcDbTrace
 10
0.0
 20
0.0
 30
0.0
 11
-0.0117054193209677
 21
0.0588471168241938
 31
0.0
 12
-0.0229610059419054
 22
0.0554327719506772
 32
0.0
 13
-0.0229610059419054
 23
0.0554327719506772
 33
0.0
  0
SOLID
  5
48
330
3A
100
AcDbEntity
  8
0
 62
     1
100
AcDbTrace
 10
0.0
 20
0.0
 30
0.0
 11
-0.0229610059419054
 21
0.0554327719506772
 31
0.0
 12
-0.0333342139811761
 22
0.0498881767381527
 32
0.0
 13
-0.0333342139811761
 23
0.0498881767381527
 33
0.0
  0
SOLID
  5
49
330
3A
100
AcDbEntity
  8
0
 62
     1
100
AcDbTrace
 10
0.0
 20
0.0
 30
0.0
 11
-0.0333342139811761
 21
0.0498881767381527
 31
0.0
 12
-0.0424264068711929
 22
0.0424264068711929
 32
0.0
 13
-0.0424264068711929
 23
0.0424264068711929
 33
0.0
  0
SOLID
  5
4A
330
3A
100
AcDbEntity
  8
0
 62
     1
100
AcDbTrace
 10
0.0
 20
0.0
 30
0.0
 11
-0.0424264068711929
 21
0.0424264068711929
 31
0.0
 12
-0.0498881767381527
 22
0.0333342139811761
 32
0.0
 13
-0.0498881767381527
 23
0.0333342139811761
 33
0.0
  0
SOLID
  5
4B
330
3A
100
AcDbEntity
  8
0
 62
     1
100
AcDbTrace
 10
0.0
 20
0.0
 30
0.0
 11
-0.0498881767381527
 21
0.0333342139811761
 31
0.0
 12
-0.0554327719506772
 22
0.0229610059419054
 32
0.0
 13
-0.0554327719506772
 23
0.0229610059419054
 33
0.0
  0
SOLID
  5
4C
330
3A
100
AcDbEntity
  8
0
 62
     1
100
AcDbTrace
 10
0.0
 20
0.0
 30
0.0
 11
-0.0554327719506772
 21
0.0229610059419054
 31
0.0
 12
-0.0588471168241938
 22
0.0117054193209677
 32
0.0
 13
-0.0588471168241938
 23
0.0117054193209677
 33
0.0
  0
SOLID
  5
4D
330
3A
100
AcDbEntity
  8
0
 62
     1
100
AcDbTrace
 10
0.0
 20
0.0
 30
0.0
 11
-0.0588471168241938
 21
0.0117054193209677
 31
0.0
 12
-0.06
 22
0.0
 32
0.0
 13
-0.06
 23
0.0
 33
0.0
  0
SOLID
  5
4E
330
3A
100
AcDbEntity
  8
0
 62
     1
100
AcDbTrace
 10
0.0
 20
0.0
 30
0.0
 11
-0.06
 21
0.0
 31
0.0
 12
-0.0588471168241938
 22
-0.0117054193209677
 32
0.0
 13
-0.0588471168241938
 23
-0.0117054193209677
 33
0.0
  0
SOLID
  5
4F
330
3A
100
AcDbEntity
  8
0
 62
     1
100
AcDbTrace
 10
0.0
 20
0.0
 30
0.0
 11
-0.0588471168241938
 21
-0.0117054193209677
 31
0.0
 12
-0.0554327719506772
 22
-0.0229610059419054
 32
0.0
 13
-0.0554327719506772
 23
-0.0229610059419054
 33
0.0
  0
SOLID
  5
50
330
3A
100
AcDbEntity
  8
0
 62
     1
100
AcDbTrace
 10
0.0
 20
0.0
 30
0.0
 11
-0.0554327719506772
 21
-0.0229610059419054
 31
0.0
 12
-0.0498881767381527
 22
-0.0333342139811761
 32
0.0
 13
-0.0498881767381527
 23
-0.0333342139811761
 33
0.0
  0
SOLID
  5
51
330
3A
100
AcDbEntity
  8
0
 62
     1
100
AcDbTrace
 10
0.0
 20
0.0
 30
0.0
 11
-0.0498881767381527
 21
-0.0333342139811761
 31
0.0
 12
-0.0424264068711929
 22
-0.0424264068711929
 32
0.0
 13
-0.0424264068711929
 23
-0.0424264068711929
 33
0.0
  0
SOLID
  5
52
330
3A
100
AcDbEntity
  8
0
 62
     1
100
AcDbTrace
 10
0.0
 20
0.0
 30
0.0
 11
-0.0424264068711929
 21
-0.0424264068711929
 31
0.0
 12
-0.0333342139811761
 22
-0.0498881767381527
 32
0.0
 13
-0.0333342139811761
 23
-0.0498881767381527
 33
0.0
  0
SOLID
  5
53
330
3A
100
AcDbEntity
  8
0
 62
     1
100
AcDbTrace
 10
0.0
 20
0.0
 30
0.0
 11
-0.0333342139811761
 21
-0.0498881767381527
 31
0.0
 12
-0.0229610059419054
 22
-0.0554327719506772
 32
0.0
 13
-0.0229610059419054
 23
-0.0554327719506772
 33
0.0
  0
SOLID
  5
54
330
3A
100
AcDbEntity
  8
0
 62
     1
100
AcDbTrace
 10
0.0
 20
0.0
 30
0.0
 11
-0.0229610059419054
 21
-0.0554327719506772
 31
0.0
 12
-0.0117054193209677
 22
-0.0588471168241938
 32
0.0
 13
-0.0117054193209677
 23
-0.0588471168241938
 33
0.0
  0
SOLID
  5
55
330
3A
100
AcDbEntity
  8
0
 62
     1
100
AcDbTrace
 10
0.0
 20
0.0
 30
0.0
 11
-0.0117054193209677
 21
-0.0588471168241938
 31
0.0
 12
0.0
 22
-0.06
 32
0.0
 13
0.0
 23
-0.06
 33
0.0
  0
SOLID
  5
56
330
3A
100
AcDbEntity
  8
0
 62
     1
100
AcDbTrace
 10
0.0
 20
0.0
 30
0.0
 11
0.0
 21
-0.06
 31
0.0
 12
0.0117054193209677
 22
-0.0588471168241938
 32
0.0
 13
0.0117054193209677
 23
-0.0588471168241938
 33
0.0
  0
SOLID
  5
57
330
3A
100
AcDbEntity
  8
0
 62
     1
100
AcDbTrace
 10
0.0
 20
0.0
 30
0.0
 11
0.0117054193209677
 21
-0.0588471168241938
 31
0.0
 12
0.0229610059419054
 22
-0.0554327719506772
 32
0.0
 13
0.0229610059419054
 23
-0.0554327719506772
 33
0.0
  0
SOLID
  5
58
330
3A
100
AcDbEntity
  8
0
 62
     1
100
AcDbTrace
 10
0.0
 20
0.0
 30
0.0
 11
0.0229610059419054
 21
-0.0554327719506772
 31
0.0
 12
0.0333342139811761
 22
-0.0498881767381527
 32
0.0
 13
0.0333342139811761
 23
-0.0498881767381527
 33
0.0
  0
SOLID
  5
59
330
3A
100
AcDbEntity
  8
0
 62
     1
100
AcDbTrace
 10
0.0
 20
0.0
 30
0.0
 11
0.0333342139811761
 21
-0.0498881767381527
 31
0.0
 12
0.0424264068711929
 22
-0.0424264068711929
 32
0.0
 13
0.0424264068711929
 23
-0.0424264068711929
 33
0.0
  0
SOLID
  5
5A
330
3A
100
AcDbEntity
  8
0
 62
     1
100
AcDbTrace
 10
0.0
 20
0.0
 30
0.0
 11
0.0424264068711929
 21
-0.0424264068711929
 31
0.0
 12
0.0498881767381527
 22
-0.0333342139811761
 32
0.0
 13
0.0498881767381527
 23
-0.0333342139811761
 33
0.0
  0
SOLID
  5
5B
330
3A
100
AcDbEntity
  8
0
 62
     1
100
AcDbTrace
 10
0.0
 20
0.0
 30
0.0
 11
0.0498881767381527
 21
-0.0333342139811761
 31
0.0
 12
0.0554327719506772
 22
-0.0229610059419054
 32
0.0
 13
0.0554327719506772
 23
-0.0229610059419054
 33
0.0
  0
SOLID
  5
5C
330
3A
100
AcDbEntity
  8
0
 62
     1
100
AcDbTrace
 10
0.0
 20
0.0
 30
0.0
 11
0.0554327719506772
 21
-0.0229610059419054
 31
0.0
 12
0.0588471168241938
 22
-0.0117054193209677
 32
0.0
 13
0.0588471168241938
 23
-0.0117054193209677
 33
0.0
  0
SOLID
  5
5D
330
3A
100
AcDbEntity
  8
0
 62
     1
100
AcDbTrace
 10
0.0
 20
0.0
 30
0.0
 11
0.0588471168241938
 21
-0.0117054193209677
 31
0.0
 12
0.06
 22
0.0
 32
0.0
 13
0.06
 23
0.0
 33
0.0
  0
ENDBLK
  5
3C
330
3A
100
AcDbEntity
  8
0
100
AcDbBlockEnd
  0
BLOCK
  5
69
330
68
100
AcDbEntity
  8
0
100
AcDbBlockBegin
  2
STEEL_FIXED_SYMBOL
 70
     0
 10
0.0
 20
0.0
 30
0.0
  3
STEEL_FIXED_SYMBOL
  1

  0
INSERT
  5
4CE
330
68
100
AcDbEntity
  8
Marks_Layer
  6
DASHED
100
AcDbBlockReference
  2
BeamTriangleMark
 10
0.0
 20
0.0
 30
0.0
 41
0.1
 42
0.1
 43
0.1
  0
ENDBLK
  5
6A
330
68
100
AcDbEntity
  8
0
100
AcDbBlockEnd
  0
BLOCK
  5
40F
330
40E
100
AcDbEntity
  8
0
100
AcDbBlockBegin
  2
STEEL_COLUMN_BOX_300x30
 70
     0
 10
0.0
 20
0.0
 30
0.0
  3
STEEL_COLUMN_BOX_300x30
  1

  0
LINE
  5
411
330
40E
100
AcDbEntity
  8
STEEL_COLUMN
 62
     3
100
AcDbLine
 10
-0.15
 20
-0.15
 30
0.0
 11
0.15
 21
-0.15
 31
0.0
  0
LINE
  5
412
330
40E
100
AcDbEntity
  8
STEEL_COLUMN
 62
     3
100
AcDbLine
 10
0.15
 20
-0.15
 30
0.0
 11
0.15
 21
0.15
 31
0.0
  0
LINE
  5
413
330
40E
100
AcDbEntity
  8
STEEL_COLUMN
 62
     3
100
AcDbLine
 10
0.15
 20
0.15
 30
0.0
 11
-0.15
 21
0.15
 31
0.0
  0
LINE
  5
414
330
40E
100
AcDbEntity
  8
STEEL_COLUMN
 62
     3
100
AcDbLine
 10
-0.15
 20
0.15
 30
0.0
 11
-0.15
 21
-0.15
 31
0.0
  0
ENDBLK
  5
410
330
40E
100
AcDbEntity
  8
0
100
AcDbBlockEnd
  0
BLOCK
  5
418
330
417
100
AcDbEntity
  8
0
100
AcDbBlockBegin
  2
STEEL_COLUMN_BOX_300x25
 70
     0
 10
0.0
 20
0.0
 30
0.0
  3
STEEL_COLUMN_BOX_300x25
  1

  0
LINE
  5
41A
330
417
100
AcDbEntity
  8
STEEL_COLUMN
 62
     3
100
AcDbLine
 10
-0.145
 20
-0.145
 30
0.0
 11
0.145
 21
-0.145
 31
0.0
  0
LINE
  5
41B
330
417
100
AcDbEntity
  8
STEEL_COLUMN
 62
     3
100
AcDbLine
 10
0.145
 20
-0.145
 30
0.0
 11
0.145
 21
0.145
 31
0.0
  0
LINE
  5
41C
330
417
100
AcDbEntity
  8
STEEL_COLUMN
 62
     3
100
AcDbLine
 10
0.145
 20
0.145
 30
0.0
 11
-0.145
 21
0.145
 31
0.0
  0
LINE
  5
41D
330
417
100
AcDbEntity
  8
STEEL_COLUMN
 62
     3
100
AcDbLine
 10
-0.145
 20
0.145
 30
0.0
 11
-0.145
 21
-0.145
 31
0.0
  0
ENDBLK
  5
419
330
417
100
AcDbEntity
  8
0
100
AcDbBlockEnd
  0
BLOCK
  5
423
330
422
100
AcDbEntity
  8
0
100
AcDbBlockBegin
  2
STEEL_COLUMN_BOX_400x30
 70
     0
 10
0.0
 20
0.0
 30
0.0
  3
STEEL_COLUMN_BOX_400x30
  1

  0
LINE
  5
425
330
422
100
AcDbEntity
  8
STEEL_COLUMN
 62
     3
100
AcDbLine
 10
-0.2
 20
-0.2
 30
0.0
 11
0.2
 21
-0.2
 31
0.0
  0
LINE
  5
426
330
422
100
AcDbEntity
  8
STEEL_COLUMN
 62
     3
100
AcDbLine
 10
0.2
 20
-0.2
 30
0.0
 11
0.2
 21
0.2
 31
0.0
  0
LINE
  5
427
330
422
100
AcDbEntity
  8
STEEL_COLUMN
 62
     3
100
AcDbLine
 10
0.2
 20
0.2
 30
0.0
 11
-0.2
 21
0.2
 31
0.0
  0
LINE
  5
428
330
422
100
AcDbEntity
  8
STEEL_COLUMN
 62
     3
100
AcDbLine
 10
-0.2
 20
0.2
 30
0.0
 11
-0.2
 21
-0.2
 31
0.0
  0
ENDBLK
  5
424
330
422
100
AcDbEntity
  8
0
100
AcDbBlockEnd
  0
BLOCK
  5
42E
330
42D
100
AcDbEntity
  8
0
100
AcDbBlockBegin
  2
STEEL_COLUMN_BOX_300x20
 70
     0
 10
0.0
 20
0.0
 30
0.0
  3
STEEL_COLUMN_BOX_300x20
  1

  0
LINE
  5
430
330
42D
100
AcDbEntity
  8
STEEL_COLUMN
 62
     3
100
AcDbLine
 10
-0.14
 20
-0.14
 30
0.0
 11
0.14
 21
-0.14
 31
0.0
  0
LINE
  5
431
330
42D
100
AcDbEntity
  8
STEEL_COLUMN
 62
     3
100
AcDbLine
 10
0.14
 20
-0.14
 30
0.0
 11
0.14
 21
0.14
 31
0.0
  0
LINE
  5
432
330
42D
100
AcDbEntity
  8
STEEL_COLUMN
 62
     3
100
AcDbLine
 10
0.14
 20
0.14
 30
0.0
 11
-0.14
 21
0.14
 31
0.0
  0
LINE
  5
433
330
42D
100
AcDbEntity
  8
STEEL_COLUMN
 62
     3
100
AcDbLine
 10
-0.14
 20
0.14
 30
0.0
 11
-0.14
 21
-0.14
 31
0.0
  0
ENDBLK
  5
42F
330
42D
100
AcDbEntity
  8
0
100
AcDbBlockEnd
  0
BLOCK
  5
437
330
436
100
AcDbEntity
  8
0
100
AcDbBlockBegin
  2
STEEL_COLUMN_BOX_300x15
 70
     0
 10
0.0
 20
0.0
 30
0.0
  3
STEEL_COLUMN_BOX_300x15
  1

  0
LINE
  5
439
330
436
100
AcDbEntity
  8
STEEL_COLUMN
 62
     3
100
AcDbLine
 10
-0.135
 20
-0.135
 30
0.0
 11
0.135
 21
-0.135
 31
0.0
  0
LINE
  5
43A
330
436
100
AcDbEntity
  8
STEEL_COLUMN
 62
     3
100
AcDbLine
 10
0.135
 20
-0.135
 30
0.0
 11
0.135
 21
0.135
 31
0.0
  0
LINE
  5
43B
330
436
100
AcDbEntity
  8
STEEL_COLUMN
 62
     3
100
AcDbLine
 10
0.135
 20
0.135
 30
0.0
 11
-0.135
 21
0.135
 31
0.0
  0
LINE
  5
43C
330
436
100
AcDbEntity
  8
STEEL_COLUMN
 62
     3
100
AcDbLine
 10
-0.135
 20
0.135
 30
0.0
 11
-0.135
 21
-0.135
 31
0.0
  0
ENDBLK
  5
438
330
436
100
AcDbEntity
  8
0
100
AcDbBlockEnd
  0
BLOCK
  5
498
330
497
100
AcDbEntity
  8
0
100
AcDbBlockBegin
  2
_Oblique
 70
     0
 10
0.0
 20
0.0
 30
0.0
  3
_Oblique
  1

  0
LINE
  5
499
330
497
100
AcDbEntity
  8
0
  6
ByBlock
 62
     0
370
    -2
100
AcDbLine
 10
-0.5
 20
-0.5
 30
0.0
 11
0.5
 21
0.5
 31
0.0
  0
ENDBLK
  5
49A
330
497
100
AcDbEntity
  8
0
100
AcDbBlockEnd
  0
BLOCK
  5
49C
330
49B
100
AcDbEntity
  8
0
100
AcDbBlockBegin
  2
_ARCHTICK
 70
     0
 10
0.0
 20
0.0
 30
0.0
  3
_ARCHTICK
  1

  0
LWPOLYLINE
  5
49D
330
49B
100
AcDbEntity
  8
0
  6
ByBlock
 62
     0
100
AcDbPolyline
 90
        2
 70
     0
 43
0.15
 10
-0.5
 20
-0.5
 10
0.5
 20
0.5
  0
ENDBLK
  5
49E
330
49B
100
AcDbEntity
  8
0
100
AcDbBlockEnd
  0
BLOCK
  5
4A0
330
49F
100
AcDbEntity
  8
0
100
AcDbBlockBegin
  2
_ClosedBlank
 70
     0
 10
0.0
 20
0.0
 30
0.0
  3
_ClosedBlank
  1

  0
LINE
  5
4A1
330
49F
100
AcDbEntity
  8
0
  6
ByBlock
 62
     0
370
    -2
100
AcDbLine
 10
-1.0
 20
0.1666666666666666
 30
0.0
 11
0.0
 21
0.0
 31
0.0
  0
LINE
  5
4A2
330
49F
100
AcDbEntity
  8
0
  6
ByBlock
 62
     0
370
    -2
100
AcDbLine
 10
0.0
 20
0.0
 30
0.0
 11
-1.0
 21
-0.1666666666666666
 31
0.0
  0
LINE
  5
4A3
330
49F
100
AcDbEntity
  8
0
  6
ByBlock
 62
     0
370
    -2
100
AcDbLine
 10
-1.0
 20
0.1666666666666666
 30
0.0
 11
-1.0
 21
-0.1666666666666666
 31
0.0
  0
ENDBLK
  5
4A4
330
49F
100
AcDbEntity
  8
0
100
AcDbBlockEnd
  0
BLOCK
  5
4A6
330
4A5
100
AcDbEntity
  8
0
100
AcDbBlockBegin
  2
BeamTriangleMark
 70
     0
 10
0.0
 20
0.0
 30
0.0
  3
BeamTriangleMark
  1

  0
LWPOLYLINE
  5
4A7
330
4A5
100
AcDbEntity
  8
Marks_Layer
  6
Continuous
100
AcDbPolyline
 90
        3
 70
   129
 43
0.0
 10
0.8000000000000682
 20
1.0
 10
3.800000000000068
 20
0.0
 10
0.8000000000000682
 20
-1.0
  0
HATCH
  5
4A8
330
4A5
100
AcDbEntity
  8
Marks_Layer
  6
Continuous
100
AcDbHatch
 10
0.0
 20
0.0
 30
0.0
210
0.0
220
0.0
230
1.0
  2
SOLID
 70
     1
 71
     0
 91
        1
 92
        3
 72
     0
 73
     1
 93
        3
 10
0.8000000000000682
 20
1.0
 10
3.800000000000068
 20
0.0
 10
0.8000000000000682
 20
-1.0
 97
        0
 75
     0
 76
     1
 98
        0
450
        0
451
        0
460
0.0
461
0.0
452
        0
462
0.0
453
        0
470

  0
ENDBLK
  5
4A9
330
4A5
100
AcDbEntity
  8
0
100
AcDbBlockEnd
  0
BLOCK
  5
588
330
587
100
AcDbEntity
  8
0
100
AcDbBlockBegin
  2
TL
 70
     2
 10
0.0
 20
0.0
 30
0.0
  3
TL
  1

  0
ATTDEF
  5
589
330
587
100
AcDbEntity
  8
RTEXT
100
AcDbText
 10
-0.0804338137884884
 20
1.16171531779438
 30
0.0
 40
1.8
  1

  7
ROMANS
 72
     1
 11
-0.0804338137884884
 21
2.06171531779438
 31
0.0
100
AcDbAttributeDefinition
280
     0
  3
L1
  2
L1
 70
     0
 74
     2
280
     0
  0
ATTDEF
  5
58A
330
587
100
AcDbEntity
  8
RTEXT
100
AcDbText
 10
-13.32753646611871
 20
-2.228940188971558
 30
-0.0000000000000185
 40
1.8
  1

  7
ROMANS
 72
     2
 11
-13.32753646611871
 21
-1.328940188971557
 31
-0.0000000000000185
100
AcDbAttributeDefinition
280
     0
  3
L2
  2
L2
 70
     0
 74
     2
280
     0
  0
LINE
  5
58B
330
587
100
AcDbEntity
  8
RBARS
100
AcDbLine
 10
-12.23043381378852
 20
-2.635719305007896
 30
-0.0000000000000294
 11
-12.23043381378852
 21
-0.3512246325578303
 31
0.0000000000000434
  0
LINE
  5
58C
330
587
100
AcDbEntity
  8
RBARS
100
AcDbLine
 10
-11.29293381378869
 20
0.5862753674420276
 30
0.0000000000000107
 11
12.06956618621149
 21
0.5862753674420276
 31
-0.0000000000000065
  0
ARC
  5
58D
330
587
100
AcDbEntity
  8
RBARS
100
AcDbCircle
 10
-11.29293381378869
 20
-0.3512246325578303
 30
0.0000000000000434
 40
0.9375
100
AcDbArc
 50
90.0
 51
179.9999999999992
  0
ENDBLK
  5
58E
330
587
100
AcDbEntity
  8
0
100
AcDbBlockEnd
  0
BLOCK
  5
590
330
58F
100
AcDbEntity
  8
0
100
AcDbBlockBegin
  2
TI
 70
     2
 10
0.0
 20
0.0
 30
0.0
  3
TI
  1

  0
ATTDEF
  5
591
330
58F
100
AcDbEntity
  8
RTEXT
100
AcDbText
 10
-1.017933813261862
 20
-0.2079297256313397
 30
-0.00000000000004
 40
1.8
  1

  7
ROMANS
 72
     1
 11
-1.017933813261862
 21
0.6920702743686605
 31
-0.00000000000004
100
AcDbAttributeDefinition
280
     0
  3
L1
  2
L1
 70
     0
 74
     2
280
     0
  0
LINE
  5
592
330
58F
100
AcDbEntity
  8
RBARS
100
AcDbLine
 10
-12.23043381378852
 20
-0.7833696759836926
 30
-0.0000000000000294
 11
12.06956618621149
 21
-0.7833696759836926
 31
-0.0000000000000473
  0
ENDBLK
  5
593
330
58F
100
AcDbEntity
  8
0
100
AcDbBlockEnd
  0
BLOCK
  5
595
330
594
100
AcDbEntity
  8
0
100
AcDbBlockBegin
  2
TU
 70
     2
 10
0.0
 20
0.0
 30
0.0
  3
TU
  1

  0
ATTDEF
  5
596
330
594
100
AcDbEntity
  8
RTEXT
100
AcDbText
 10
-0.0804338137885453
 20
1.433121826215716
 30
0.0
 40
1.8
  1

  7
ROMANS
 72
     1
 11
-0.0804338137885452
 21
2.333121826215716
 31
0.0
100
AcDbAttributeDefinition
280
     0
  3
L1
  2
L1
 70
     0
 74
     2
280
     0
  0
ATTDEF
  5
597
330
594
100
AcDbEntity
  8
RTEXT
100
AcDbText
 10
-13.32753646611866
 20
-1.957533680550221
 30
-0.0000000000000185
 40
1.8
  1

  7
ROMANS
 72
     2
 11
-13.32753646611866
 21
-1.057533680550221
 31
-0.0000000000000185
100
AcDbAttributeDefinition
280
     0
  3
L2
  2
L2
 70
     0
 74
     2
280
     0
  0
ATTDEF
  5
598
330
594
100
AcDbEntity
  8
RTEXT
100
AcDbText
 10
12.72981111605054
 20
-1.957533680550221
 30
-0.0000000000000185
 40
1.8
  1

  7
ROMANS
 11
12.72981111605054
 21
-1.057533680550221
 31
-0.0000000000000185
100
AcDbAttributeDefinition
280
     0
  3
L3
  2
L3
 70
     0
 74
     2
280
     0
  0
LINE
  5
599
330
594
100
AcDbEntity
  8
RBARS
100
AcDbLine
 10
-11.29293381378863
 20
0.8576818758631929
 30
0.0000000000000107
 11
11.13206618621166
 21
0.8576818758631929
 31
-0.0000000000000107
  0
LINE
  5
59A
330
594
100
AcDbEntity
  8
RBARS
100
AcDbLine
 10
-12.23043381378852
 20
-2.364312796586744
 30
-0.0000000000000294
 11
-12.23043381378852
 21
-0.0798181241366649
 31
0.0000000000000434
  0
ARC
  5
59B
330
594
100
AcDbEntity
  8
RBARS
100
AcDbCircle
 10
-11.29293381378863
 20
-0.0798181241366649
 30
0.0000000000000434
 40
0.9375
100
AcDbArc
 50
90.0
 51
179.9999999999984
  0
LINE
  5
59C
330
594
100
AcDbEntity
  8
RBARS
100
AcDbLine
 10
12.06956618621149
 20
-2.364312796586744
 30
-0.0000000000000294
 11
12.06956618621149
 21
-0.0798181241366649
 31
0.0000000000000434
  0
ARC
  5
59D
330
594
100
AcDbEntity
  8
RBARS
100
AcDbCircle
 10
11.13206618621166
 20
-0.0798181241366649
 30
0.0000000000000434
 40
0.9375
100
AcDbArc
 50
0.0000000000016284
 51
90.0
  0
ENDBLK
  5
59E
330
594
100
AcDbEntity
  8
0
100
AcDbBlockEnd
  0
BLOCK
  5
5A0
330
59F
100
AcDbEntity
  8
0
100
AcDbBlockBegin
  2
TO
 70
     2
 10
0.0
 20
0.0
 30
0.0
  3
TO
  1

  0
ATTDEF
  5
5A1
330
59F
100
AcDbEntity
  8
RTEXT
100
AcDbText
 10
-0.2150102627714432
 20
-2.520011592835993
 30
-0.0000000000000185
 40
1.8
  1

  7
ROMANS
 72
     1
 11
-0.2150102627714432
 21
-1.620011592835993
 31
-0.0000000000000185
100
AcDbAttributeDefinition
280
     0
  3
L1
  2
L1
 70
     0
 74
     2
280
     0
  0
ATTDEF
  5
5A2
330
59F
100
AcDbEntity
  8
RTEXT
100
AcDbText
 10
-5.954209034875077
 20
-0.9600444162564885
 30
-0.0000000000000185
 40
1.8
  1

  7
ROMANS
 72
     2
 11
-5.954209034875077
 21
-0.0600444162564884
 31
-0.0000000000000185
100
AcDbAttributeDefinition
280
     0
  3
L2
  2
L2
 70
     0
 74
     2
280
     0
  0
ATTDEF
  5
5A3
330
59F
100
AcDbEntity
  8
RTEXT
100
AcDbText
 10
4.788054582231495
 20
0.5999023718691545
 30
-0.0000000000000185
 40
1.8
  1

  7
ROMANS
 11
4.788054582231495
 21
1.499902371869154
 31
-0.0000000000000185
100
AcDbAttributeDefinition
280
     0
  3
L3
  2
L3
 70
     0
 74
     2
280
     0
  0
LINE
  5
5A4
330
59F
100
AcDbEntity
  8
RBARS
100
AcDbLine
 10
-4.965455327947211
 20
-2.700259111015782
 30
-0.0000000000001667
 11
-4.965455327947211
 21
2.072233210157378
 31
0.0000000000000049
  0
LINE
  5
5A5
330
59F
100
AcDbEntity
  8
RBARS
100
AcDbLine
 10
3.048675931604293
 20
0.9000165144815355
 30
-0.0000000000000779
 11
4.266906721578493
 21
2.118247304455053
 31
-0.0000000000000779
  0
LINE
  5
5A6
330
59F
100
AcDbEntity
  8
RBARS
100
AcDbLine
 10
4.26895906036168
 20
2.072233210157378
 30
0.0000000000000079
 11
4.26895906036168
 21
-2.700259111015782
 31
-0.0000000000000122
  0
LINE
  5
5A7
330
59F
100
AcDbEntity
  8
RBARS
100
AcDbLine
 10
3.75210750877693
 20
-3.217110662600219
 30
-0.0000000000000122
 11
-4.448603776362404
 21
-3.217110662600219
 31
-0.0000000000000152
  0
ARC
  5
5A8
330
59F
100
AcDbEntity
  8
RBARS
100
AcDbCircle
 10
-4.448603776362404
 20
-2.700259111015782
 30
-0.0000000000000152
 40
0.5168515515844204
100
AcDbArc
 50
180.0000000000016
 51
270.0
  0
ARC
  5
5A9
330
59F
100
AcDbEntity
  8
RBARS
100
AcDbCircle
 10
3.75210750877693
 20
-2.700259111015782
 30
-0.0000000000000122
 40
0.5168515515844204
100
AcDbArc
 50
270.0
 51
359.9999999999984
  0
LINE
  5
5AA
330
59F
100
AcDbEntity
  8
RBARS
100
AcDbLine
 10
3.75210750877693
 20
2.589084761741816
 30
0.0000000000000079
 11
-4.448603776362404
 21
2.589084761741816
 31
0.0000000000000049
  0
ARC
  5
5AB
330
59F
100
AcDbEntity
  8
RBARS
100
AcDbCircle
 10
-4.448603776362404
 20
2.072233210157378
 30
0.0000000000000049
 40
0.5168515515844204
100
AcDbArc
 50
90.0
 51
179.9999999999984
  0
ARC
  5
5AC
330
59F
100
AcDbEntity
  8
RBARS
100
AcDbCircle
 10
3.75210750877693
 20
2.072233210157378
 30
0.0000000000000079
 40
0.5168515515844204
100
AcDbArc
 50
0.0000000000016284
 51
90.0
  0
LINE
  5
5AD
330
59F
100
AcDbEntity
  8
RBARS
100
AcDbLine
 10
2.555857596560599
 20
1.392834849525542
 30
0.0000000000000079
 11
3.75210750877693
 21
2.589084761741816
 31
0.0000000000000079
  0
ENDBLK
  5
5AE
330
59F
100
AcDbEntity
  8
0
100
AcDbBlockEnd
  0
BLOCK
  5
5B0
330
5AF
100
AcDbEntity
  8
0
100
AcDbBlockBegin
  2
tc
 70
     2
 10
0.0
 20
0.0
 30
0.0
  3
tc
  1

  0
ATTDEF
  5
5B1
330
5AF
100
AcDbEntity
  8
RTEXT
100
AcDbText
 10
-0.0804338137885453
 20
1.416945198756172
 30
0.0
 40
1.8
  1

  7
ROMANS
 72
     1
 11
-0.0804338137885452
 21
2.316945198756172
 31
0.0
100
AcDbAttributeDefinition
280
     0
  3
L1
  2
L1
 70
     0
 74
     2
280
     0
  0
ATTDEF
  5
5B2
330
5AF
100
AcDbEntity
  8
RTEXT
100
AcDbText
 10
-9.285264340000622
 20
-3.548213861952826
 30
0.0
 40
1.8
  1

  7
ROMANS
 72
     1
 11
-9.285264340000622
 21
-2.648213861952825
 31
0.0
100
AcDbAttributeDefinition
280
     0
  3
L2
  2
L2
 70
     0
 74
     2
280
     0
  0
ATTDEF
  5
5B3
330
5AF
100
AcDbEntity
  8
RTEXT
100
AcDbText
 10
9.810110998137929
 20
-3.548213861952826
 30
0.0
 40
1.8
  1

  7
ROMANS
 72
     1
 11
9.810110998137929
 21
-2.648213861952825
 31
0.0
100
AcDbAttributeDefinition
280
     0
  3
L2
  2
L2
 70
     0
 74
     2
280
     0
  0
LINE
  5
5B4
330
5AF
100
AcDbEntity
  8
RBARS
100
AcDbLine
 10
-6.673981564816756
 20
-1.033494751596208
 30
-0.0000000000000294
 11
-11.29293381378863
 21
-1.033494751596208
 31
0.0000000000000434
  0
LINE
  5
5B5
330
5AF
100
AcDbEntity
  8
RBARS
100
AcDbLine
 10
-11.29293381378863
 20
0.8415052484036493
 30
0.0000000000000107
 11
11.13206618621166
 21
0.8415052484036493
 31
-0.0000000000000107
  0
ARC
  5
5B6
330
5AF
100
AcDbEntity
  8
RBARS
100
AcDbCircle
 10
-11.29293381378863
 20
-0.0959947515962085
 30
0.0000000000000434
 40
0.9374999999999975
100
AcDbArc
 50
90.0
 51
270.0
  0
ARC
  5
5B7
330
5AF
100
AcDbEntity
  8
RBARS
100
AcDbCircle
 10
11.13206618621166
 20
-0.0959947515962085
 30
0.0000000000000434
 40
0.9374999999999975
100
AcDbArc
 50
270.0
 51
90.0
  0
LINE
  5
5B8
330
5AF
100
AcDbEntity
  8
RBARS
100
AcDbLine
 10
6.513113937239779
 20
-1.033494751596208
 30
-0.0000000000000294
 11
11.13206618621166
 21
-1.033494751596208
 31
0.0000000000000434
  0
ENDBLK
  5
5B9
330
5AF
100
AcDbEntity
  8
0
100
AcDbBlockEnd
  0
ENDSEC
  0
SECTION
  2
ENTITIES
  0
ENDSEC
  0
SECTION
  2
OBJECTS
  0
DICTIONARY
  5
A
330
0
100
AcDbDictionary
281
     1
  3
ACAD_CIP_PREVIOUS_PRODUCT_INFO
350
48C
  3
ACAD_COLOR
350
B
  3
ACAD_DETAILVIEWSTYLE
350
489
  3
ACAD_GROUP
350
C
  3
ACAD_LAYOUT
350
D
  3
ACAD_MATERIAL
350
E
  3
ACAD_MLEADERSTYLE
350
F
  3
ACAD_MLINESTYLE
350
10
  3
ACAD_PLOTSETTINGS
350
11
  3
ACAD_PLOTSTYLENAME
350
12
  3
ACAD_SCALELIST
350
14
  3
ACAD_SECTIONVIEWSTYLE
350
487
  3
ACAD_TABLESTYLE
350
15
  3
ACAD_VISUALSTYLE
350
16
  3
ACDB_RECOMPOSE_DATA
350
616
  3
ACDBVARIABLEDICTIONARY
350
5C4
  3
AEC_PROPERTY_SET_DEFS
350
5FD
  3
EZDXF_META
350
2D
  3
SazeSoftware_Parameters
350
48D
  0
DICTIONARY
  5
4BF
330
1
100
AcDbDictionary
280
     1
281
     1
  3
ACAD_LAYERSTATES
360
4C0
  0
DICTIONARY
  5
4AD
330
4AC
100
AcDbDictionary
280
     1
281
     1
  0
DICTIONARY
  5
4AF
330
4AE
100
AcDbDictionary
280
     1
281
     1
  0
DICTIONARY
  5
522
330
521
100
AcDbDictionary
280
     1
281
     1
  0
DICTIONARY
  5
5BB
330
5BA
100
AcDbDictionary
280
     1
281
     1
  0
DICTIONARY
  5
5BD
330
5BC
100
AcDbDictionary
280
     1
281
     1
  0
DICTIONARY
  5
494
330
68
100
AcDbDictionary
280
     1
281
     1
  0
XRECORD
  5
48C
102
{ACAD_REACTORS
330
A
102
}
330
A
100
AcDbXrecord
280
     1
300
ACD
300
2021
300
ACD_F_S
  0
DICTIONARY
  5
B
330
A
100
AcDbDictionary
281
     1
  0
DICTIONARY
  5
489
102
{ACAD_REACTORS
330
A
102
}
330
A
100
AcDbDictionary
281
     1
  3
Imperial24
350
4C2
  3
Metric50
350
48A
  0
DICTIONARY
  5
C
330
A
100
AcDbDictionary
281
     1
  0
DICTIONARY
  5
D
330
A
100
AcDbDictionary
281
     1
  3
Layout1
350
1E
  3
Model
350
1A
  0
DICTIONARY
  5
E
330
A
100
AcDbDictionary
281
     1
  3
ByBlock
350
1F
  3
ByLayer
350
20
  3
Global
350
21
  0
DICTIONARY
  5
F
330
A
100
AcDbDictionary
281
     1
  3
Standard
350
2C
  0
DICTIONARY
  5
10
330
A
100
AcDbDictionary
281
     1
  3
Standard
350
22
  0
DICTIONARY
  5
11
330
A
100
AcDbDictionary
281
     1
  0
ACDBDICTIONARYWDFLT
  5
12
330
A
100
AcDbDictionary
281
     1
  3
Normal
350
13
100
AcDbDictionaryWithDefault
340
13
  0
DICTIONARY
  5
14
330
A
100
AcDbDictionary
281
     1
  3
A0
350
476
  3
A1
350
477
  3
A2
350
478
  3
A3
350
479
  3
A4
350
47A
  3
A5
350
47B
  3
A6
350
47C
  3
A7
350
47D
  3
A8
350
47E
  3
A9
350
47F
  3
B0
350
480
  3
B1
350
481
  3
B2
350
482
  3
B3
350
483
  3
B4
350
484
  3
B5
350
485
  3
B6
350
486
  0
DICTIONARY
  5
487
102
{ACAD_REACTORS
330
A
102
}
330
A
100
AcDbDictionary
281
     1
  3
Imperial24
350
4C1
  3
Metric50
350
488
  0
DICTIONARY
  5
15
330
A
100
AcDbDictionary
281
     1
  3
Standard
350
475
  0
DICTIONARY
  5
16
330
A
100
AcDbDictionary
281
     1
  3
2dWireframe
350
462
  3
Basic
350
461
  3
Brighten
350
468
  3
ColorChange
350
46C
  3
Conceptual
350
465
  3
Dim
350
467
  3
EdgeColorOff
350
474
  3
Facepattern
350
46B
  3
Flat
350
45D
  3
FlatWithEdges
350
45E
  3
Gouraud
350
45F
  3
GouraudWithEdges
350
460
  3
Hidden
350
464
  3
JitterOff
350
472
  3
Linepattern
350
46A
  3
OverhangOff
350
473
  3
Realistic
350
466
  3
Shaded
350
471
  3
Shaded with edges
350
470
  3
Shades of Gray
350
46D
  3
Sketchy
350
46E
  3
Thicken
350
469
  3
Wireframe
350
463
  3
X-Ray
350
46F
  0
XRECORD
  5
616
102
{ACAD_REACTORS
330
A
102
}
330
A
100
AcDbXrecord
280
     1
 90
        1
330
475
  0
DICTIONARY
  5
5C4
102
{ACAD_REACTORS
330
A
102
}
330
A
100
AcDbDictionary
281
     2
  3
#REVCLOUDAPPROXARCLEN
350
5C5
  3
ANNOALLVISIBLE
350
5C6
  3
CANNOSCALE
350
5C7
  3
CMLEADERSTYLE
350
5C8
  3
CTABLESTYLE
350
5C9
  3
CVIEWDETAILSTYLE
350
5CA
  3
CVIEWSECTIONSTYLE
350
5CB
  3
DIMADEC
350
5CC
  3
DIMASSOC
350
5CD
  3
EXPORTPAPERSPACE
350
5CE
  3
HIDETEXT
350
5CF
  3
HPCOLOR
350
5D0
  3
HPINHERIT
350
5D1
  3
HPLAYER
350
5D2
  3
HPORIGIN
350
5D3
  3
HPTRANSPARENCY
350
5D4
  3
INDEXCTL
350
5D5
  3
LAYEREVAL
350
5D6
  3
LAYERNOTIFY
350
5D7
  3
LIGHTINGUNITS
350
5D8
  3
MLEADERSCALE
350
5D9
  3
MSLTSCALE
350
5DA
  3
OLEFRAME
350
5DB
  3
PDFFRAME
350
5DC
  3
SOLIDHIST
350
5DD
  3
SORTENTS
350
5DE
  3
TEXTLAYER
350
5DF
  3
WIPEOUTFRAME
350
5E0
  0
DICTIONARY
  5
5FD
102
{ACAD_REACTORS
330
A
102
}
330
A
100
AcDbDictionary
281
     1
  0
DICTIONARY
  5
2D
330
A
100
AcDbDictionary
280
     1
281
     1
  3
CREATED_BY_EZDXF
360
2E
  3
WRITTEN_BY_EZDXF
360
459
  0
DICTIONARY
  5
48D
102
{ACAD_REACTORS
330
A
102
}
330
A
100
AcDbDictionary
281
     1
  3
SAZE90_Setting
350
48E
  0
DICTIONARY
  5
4C0
102
{ACAD_REACTORS
330
4BF
102
}
330
4BF
100
AcDbDictionary
281
     1
  0
ACDBDETAILVIEWSTYLE
  5
4C2
102
{ACAD_REACTORS
330
489
102
}
330
489
100
AcDbModelDocViewStyle
 70
     0
  3
Imperial24
290
     0
300
Imperial24
 90
        0
100
AcDbDetailViewStyle
 70
     0
 71
     0
 90
        3
 71
     1
340
29
 62
   256
 40
0.24
340
0
 62
   256
 40
0.24
300

 40
0.36
280
     3
 71
     2
340
26
 90
       25
 62
   256
 71
     3
340
29
 62
   256
 40
0.24
 90
        1
 40
0.75
 90
        1
300
%<\AcVar ViewType \f "%tc1">% %<\AcVar ViewDetailId>%\PSCALE %<\AcVar ViewScale \f "%sn">%
 71
     4
340
26
 90
       25
 62
   256
340
26
 90
       25
 62
   256
280
     0
  0
ACDBDETAILVIEWSTYLE
  5
48A
102
{ACAD_REACTORS
330
489
102
}
330
489
100
AcDbModelDocViewStyle
 70
     0
  3
Metric50
290
     0
300
Metric50
 90
        0
100
AcDbDetailViewStyle
 70
     0
 71
     0
 90
        3
 71
     1
340
29
 62
   256
 40
5.0
340
0
 62
   256
 40
5.0
300

 40
0.0
280
     1
 71
     2
340
26
 90
       25
 62
   256
 71
     3
340
29
 62
   256
 40
5.0
 90
        0
 40
15.0
 90
        1
300
%<\AcVar ViewDetailId>% (%<\AcVar ViewScale \f "%sn">%)
 71
     4
340
26
 90
       25
 62
   256
340
26
 90
       25
 62
   256
280
     0
  0
LAYOUT
  5
1E
330
D
100
AcDbPlotSettings
  1

  2
Microsoft Print to PDF
  4
A3
  6

 40
7.5
 41
20.0
 42
7.5
 43
20.0
 44
420.0
 45
297.0
 46
0.0
 47
0.0
 48
0.0
 49
0.0
140
0.0
141
0.0
142
1.0
143
1.0
 70
     0
 72
     1
 73
     0
 74
     5
  7

 75
    16
147
1.0
 76
     0
 77
     2
 78
   300
148
0.0
149
0.0
100
AcDbLayout
  1
Layout1
 70
     1
 71
     1
 10
0.0
 20
0.0
 11
420.0
 21
297.0
 12
0.0
 22
0.0
 32
0.0
 14
1.000000000000000E+20
 24
1.000000000000000E+20
 34
1.000000000000000E+20
 15
-1.000000000000000E+20
 25
-1.000000000000000E+20
 35
-1.000000000000000E+20
146
0.0
 13
0.0
 23
0.0
 33
0.0
 16
1.0
 26
0.0
 36
0.0
 17
0.0
 27
1.0
 37
0.0
 76
     0
330
1B
  0
LAYOUT
  5
1A
330
D
100
AcDbPlotSettings
  1

  2
Microsoft Print to PDF
  4
A3
  6

 40
7.5
 41
20.0
 42
7.5
 43
20.0
 44
420.0
 45
297.0
 46
0.0
 47
0.0
 48
0.0
 49
0.0
140
0.0
141
0.0
142
1.0
143
1.0
 70
  1024
 72
     1
 73
     0
 74
     5
  7

 75
    16
147
1.0
 76
     0
 77
     2
 78
   300
148
0.0
149
0.0
100
AcDbLayout
  1
Model
 70
     1
 71
     0
 10
0.0
 20
0.0
 11
420.0
 21
297.0
 12
0.0
 22
0.0
 32
0.0
 14
1.000000000000000E+20
 24
1.000000000000000E+20
 34
1.000000000000000E+20
 15
-1.000000000000000E+20
 25
-1.000000000000000E+20
 35
-1.000000000000000E+20
146
0.0
 13
0.0
 23
0.0
 33
0.0
 16
1.0
 26
0.0
 36
0.0
 17
0.0
 27
1.0
 37
0.0
 76
     1
330
17
331
23
  0
MATERIAL
  5
1F
102
{ACAD_REACTORS
330
E
102
}
330
E
100
AcDbMaterial
  1
ByBlock
 71
     1
 91
-1023410177
 73
     1
 78
     1
172
     1
176
     1
270
     1
273
     1
274
     1
 94
       63
  0
MATERIAL
  5
20
102
{ACAD_REACTORS
330
E
102
}
330
E
100
AcDbMaterial
  1
ByLayer
 71
     1
 91
-1023410177
 73
     1
 78
     1
172
     1
176
     1
270
     1
273
     1
274
     1
 94
       63
  0
MATERIAL
  5
21
102
{ACAD_REACTORS
330
E
102
}
330
E
100
AcDbMaterial
  1
Global
 71
     1
 91
-1023410177
 73
     1
 78
     1
172
     1
176
     1
270
     1
273
     1
274
     1
 94
       63
  0
MLEADERSTYLE
  5
2C
102
{ACAD_REACTORS
330
F
102
}
330
F
100
AcDbMLeaderStyle
179
     2
170
     2
171
     1
172
     0
 90
        2
 40
0.0
 41
0.0
173
     1
 91
-1056964608
 92
       -2
290
     1
 42
2.0
291
     1
 43
8.0
  3
Standard
 44
4.0
300

342
29
174
     1
178
     1
175
     1
176
     0
 93
-1056964608
 45
4.0
292
     0
297
     0
 46
4.0
 94
-1056964608
 47
1.0
 49
1.0
140
1.0
293
     1
141
0.0
294
     1
177
     0
142
1.0
295
     0
296
     0
143
3.75
271
     0
272
     9
273
     9
298
     0
  0
MLINESTYLE
  5
22
102
{ACAD_REACTORS
330
10
102
}
330
10
100
AcDbMlineStyle
  2
STANDARD
 70
     0
  3

 62
   256
 51
90.0
 52
90.0
 71
     2
 49
0.5
 62
   256
  6
BYLAYER
 49
-0.5
 62
   256
  6
BYLAYER
  0
ACDBPLACEHOLDER
  5
13
330
12
  0
SCALE
  5
476
102
{ACAD_REACTORS
330
14
102
}
330
14
100
AcDbScale
 70
     0
300
1:1
140
1.0
141
1.0
290
     1
  0
SCALE
  5
477
102
{ACAD_REACTORS
330
14
102
}
330
14
100
AcDbScale
 70
     0
300
1:2
140
1.0
141
2.0
290
     0
  0
SCALE
  5
478
102
{ACAD_REACTORS
330
14
102
}
330
14
100
AcDbScale
 70
     0
300
1:4
140
1.0
141
4.0
290
     0
  0
SCALE
  5
479
102
{ACAD_REACTORS
330
14
102
}
330
14
100
AcDbScale
 70
     0
300
1:5
140
1.0
141
5.0
290
     0
  0
SCALE
  5
47A
102
{ACAD_REACTORS
330
14
102
}
330
14
100
AcDbScale
 70
     0
300
1:8
140
1.0
141
8.0
290
     0
  0
SCALE
  5
47B
102
{ACAD_REACTORS
330
14
102
}
330
14
100
AcDbScale
 70
     0
300
1:10
140
1.0
141
10.0
290
     0
  0
SCALE
  5
47C
102
{ACAD_REACTORS
330
14
102
}
330
14
100
AcDbScale
 70
     0
300
1:16
140
1.0
141
16.0
290
     0
  0
SCALE
  5
47D
102
{ACAD_REACTORS
330
14
102
}
330
14
100
AcDbScale
 70
     0
300
1:20
140
1.0
141
20.0
290
     0
  0
SCALE
  5
47E
102
{ACAD_REACTORS
330
14
102
}
330
14
100
AcDbScale
 70
     0
300
1:30
140
1.0
141
30.0
290
     0
  0
SCALE
  5
47F
102
{ACAD_REACTORS
330
14
102
}
330
14
100
AcDbScale
 70
     0
300
1:40
140
1.0
141
40.0
290
     0
  0
SCALE
  5
480
102
{ACAD_REACTORS
330
14
102
}
330
14
100
AcDbScale
 70
     0
300
1:50
140
1.0
141
50.0
290
     0
  0
SCALE
  5
481
102
{ACAD_REACTORS
330
14
102
}
330
14
100
AcDbScale
 70
     0
300
1:100
140
1.0
141
100.0
290
     0
  0
SCALE
  5
482
102
{ACAD_REACTORS
330
14
102
}
330
14
100
AcDbScale
 70
     0
300
2:1
140
2.0
141
1.0
290
     0
  0
SCALE
  5
483
102
{ACAD_REACTORS
330
14
102
}
330
14
100
AcDbScale
 70
     0
300
4:1
140
4.0
141
1.0
290
     0
  0
SCALE
  5
484
102
{ACAD_REACTORS
330
14
102
}
330
14
100
AcDbScale
 70
     0
300
8:1
140
8.0
141
1.0
290
     0
  0
SCALE
  5
485
102
{ACAD_REACTORS
330
14
102
}
330
14
100
AcDbScale
 70
     0
300
10:1
140
10.0
141
1.0
290
     0
  0
SCALE
  5
486
102
{ACAD_REACTORS
330
14
102
}
330
14
100
AcDbScale
 70
     0
300
100:1
140
100.0
141
1.0
290
     0
  0
ACDBSECTIONVIEWSTYLE
  5
4C1
102
{ACAD_REACTORS
330
487
102
}
330
487
100
AcDbModelDocViewStyle
 70
     0
  3
Imperial24
290
     0
300
Imperial24
 90
        0
100
AcDbSectionViewStyle
 70
     0
 71
     0
 90
       78
 71
     1
340
29
 62
   256
 40
0.24
340
0
340
0
 62
   256
 40
0.24
300
I, O, Q, S, X, Z
 40
0.48
 90
        3
 40
0.18
 90
        1
 71
     2
340
26
 90
       25
 62
   256
340
26
 90
       50
 62
   256
 40
0.24
 40
0.0
 40
0.24
 71
     3
340
29
 62
   256
 40
0.24
 90
        1
 40
0.75
 90
        1
300
%<\AcVar ViewType \f "%tc1">% %<\AcVar ViewSectionStartId>%-%<\AcVar ViewSectionEndId>%\PSCALE %<\AcVar ViewScale \f "%sn">%
 71
     4
 62
   256
 62
   257
300
ANSI31
 40
1.0
 90
        0
290
     0
290
     0
 90
        6
 40
0.0
 40
1.570796326794896
 40
0.2617993877991494
 40
1.308996938995747
 40
-0.2617993877991494
 40
1.832595714594045
  0
ACDBSECTIONVIEWSTYLE
  5
488
102
{ACAD_REACTORS
330
487
102
}
330
487
100
AcDbModelDocViewStyle
 70
     0
  3
Metric50
290
     0
300
Metric50
 90
        0
100
AcDbSectionViewStyle
 70
     0
 71
     0
 90
      102
 71
     1
340
29
 62
   256
 40
5.0
340
0
340
0
 62
   256
 40
5.0
300
I, O, Q, S, X, Z
 40
10.0
 90
        0
 40
2.5
 90
        0
 71
     2
340
26
 90
       25
 62
   256
340
26
 90
       50
 62
   256
 40
5.0
 40
2.5
 40
5.0
 71
     3
340
29
 62
   256
 40
5.0
 90
        0
 40
15.0
 90
        1
300
%<\AcVar ViewSectionStartId>%-%<\AcVar ViewSectionEndId>% (%<\AcVar ViewScale \f "%sn">%)
 71
     4
 62
   256
 62
   257
300
ANSI31
 40
1.0
 90
        0
290
     0
290
     0
 90
        6
 40
0.0
 40
1.570796326794896
 40
0.2617993877991494
 40
1.308996938995747
 40
-0.2617993877991494
 40
1.832595714594045
  0
TABLESTYLE
  5
475
102
{ACAD_XDICTIONARY
360
53B
102
}
102
{ACAD_REACTORS
330
15
102
}
330
15
100
AcDbTableStyle
280
     0
  3
Standard
 70
     0
 71
     0
 40
1.5
 41
1.5
280
     0
281
     0
  7
Standard
140
4.5
170
     2
 62
     0
 63
     7
283
     0
 90
      512
 91
        0
  1

274
    -2
284
     1
 64
     0
275
    -2
285
     1
 65
     0
276
    -2
286
     1
 66
     0
277
    -2
287
     1
 67
     0
278
    -2
288
     1
 68
     0
279
    -2
289
     1
 69
     0
  7
Standard
140
6.0
170
     5
 62
     0
 63
     7
283
     0
 90
      512
 91
        0
  1

274
    -2
284
     1
 64
     0
275
    -2
285
     1
 65
     0
276
    -2
286
     1
 66
     0
277
    -2
287
     1
 67
     0
278
    -2
288
     1
 68
     0
279
    -2
289
     1
 69
     0
  7
Standard
140
4.5
170
     5
 62
     0
 63
     7
283
     0
 90
      512
 91
        0
  1

274
    -2
284
     1
 64
     0
275
    -2
285
     1
 65
     0
276
    -2
286
     1
 66
     0
277
    -2
287
     1
 67
     0
278
    -2
288
     1
 68
     0
279
    -2
289
     1
 69
     0
  0
VISUALSTYLE
  5
462
102
{ACAD_REACTORS
330
16
102
}
330
16
100
AcDbVisualStyle
  2
2dWireframe
 70
     4
177
     3
291
     0
 70
    58
 90
        0
176
     1
 90
        2
176
     1
 90
        0
176
     1
 90
        0
176
     1
 40
0.6
176
     1
 40
30.0
176
     1
 62
     7
420
 16777215
176
     1
 90
        1
176
     1
 90
        4
176
     1
 62
     7
176
     1
 62
   257
176
     1
 90
        1
176
     1
 90
        1
176
     1
 40
1.0
176
     1
 90
        0
176
     1
 62
   257
176
     1
 40
1.0
176
     1
 90
        1
176
     1
 90
        6
176
     1
 90
        2
176
     1
 62
     7
176
     1
 90
        5
176
     1
 90
        0
176
     1
 90
        0
176
     1
290
     0
176
     1
 90
        1
176
     1
 40
0.0
176
     1
 90
        0
176
     1
290
     1
176
     1
290
     1
176
     1
290
     0
176
     1
290
     0
176
     1
290
     0
176
     1
290
     0
176
     1
290
     0
176
     1
290
     0
176
     1
290
     0
176
     1
 90
       50
176
     1
 40
0.0
176
     1
 40
1.0
176
     1
 90
        0
176
     1
 62
    18
420
        0
176
     1
 90
       50
176
     1
 90
        3
176
     1
 62
     5
420
      255
176
     1
290
     0
176
     1
 90
       50
176
     1
 90
       50
176
     1
 90
       50
176
     1
290
     0
176
     1
 90
       50
176
     1
 62
   256
176
     0
 40
1.0
176
     0
 90
        2
176
     1
  1
strokes_ogs.tif
176
     1
290
     0
176
     1
 40
1.0
176
     1
 40
1.0
176
     1
1001
ACAD
1000
AcDbSavedByObjectVersion
1070
     0
  0
VISUALSTYLE
  5
461
102
{ACAD_REACTORS
330
16
102
}
330
16
100
AcDbVisualStyle
  2
Basic
 70
     7
177
     3
291
     1
 70
    58
 90
        1
176
     1
 90
        0
176
     1
 90
        1
176
     1
 90
        0
176
     1
 40
0.6
176
     1
 40
30.0
176
     1
 62
     7
420
 16777215
176
     1
 90
        0
176
     1
 90
        4
176
     1
 62
     7
176
     1
 62
   257
176
     1
 90
        1
176
     1
 90
        1
176
     1
 40
1.0
176
     1
 90
        8
176
     1
 62
     7
176
     1
 40
1.0
176
     1
 90
        1
176
     1
 90
        6
176
     1
 90
        2
176
     1
 62
     7
176
     1
 90
        5
176
     1
 90
        0
176
     1
 90
        0
176
     1
290
     0
176
     1
 90
        1
176
     1
 40
0.0
176
     1
 90
        0
176
     1
290
     0
176
     1
290
     1
176
     1
290
     1
176
     1
290
     0
176
     1
290
     0
176
     1
290
     0
176
     1
290
     0
176
     1
290
     0
176
     1
290
     0
176
     1
 90
       50
176
     1
 40
0.0
176
     1
 40
1.0
176
     1
 90
        0
176
     1
 62
    18
420
        0
176
     1
 90
       50
176
     1
 90
        3
176
     1
 62
     5
420
      255
176
     1
290
     0
176
     1
 90
       50
176
     1
 90
       50
176
     1
 90
       50
176
     1
290
     0
176
     1
 90
       50
176
     1
 62
   256
176
     0
 40
1.0
176
     0
 90
        2
176
     1
  1
strokes_ogs.tif
176
     1
290
     0
176
     1
 40
1.0
176
     1
 40
1.0
176
     1
1001
ACAD
1000
AcDbSavedByObjectVersion
1070
     0
  0
VISUALSTYLE
  5
468
102
{ACAD_REACTORS
330
16
102
}
330
16
100
AcDbVisualStyle
  2
Brighten
 70
    12
177
     3
291
     1
 70
    58
 90
        2
176
     1
 90
        2
176
     1
 90
        0
176
     1
 90
        0
176
     1
 40
0.6
176
     1
 40
30.0
176
     1
 62
     7
420
 16777215
176
     1
 90
        1
176
     1
 90
        4
176
     1
 62
     7
176
     1
 62
   257
176
     1
 90
        1
176
     1
 90
        1
176
     1
 40
1.0
176
     1
 90
        8
176
     1
 62
     7
176
     1
 40
1.0
176
     1
 90
        1
176
     1
 90
        6
176
     1
 90
        2
176
     1
 62
     7
176
     1
 90
        5
176
     1
 90
        0
176
     1
 90
        0
176
     1
290
     0
176
     1
 90
        1
176
     1
 40
50.0
176
     1
 90
        0
176
     1
290
     0
176
     1
290
     1
176
     1
290
     1
176
     1
290
     0
176
     1
290
     0
176
     1
290
     0
176
     1
290
     0
176
     1
290
     0
176
     1
290
     0
176
     1
 90
       50
176
     1
 40
0.0
176
     1
 40
1.0
176
     1
 90
        0
176
     1
 62
    18
420
        0
176
     1
 90
       50
176
     1
 90
        3
176
     1
 62
     5
420
      255
176
     1
290
     0
176
     1
 90
       50
176
     1
 90
       50
176
     1
 90
       50
176
     1
290
     0
176
     1
 90
       50
176
     1
 62
   256
176
     0
 40
1.0
176
     0
 90
        2
176
     1
  1
strokes_ogs.tif
176
     1
290
     0
176
     1
 40
1.0
176
     1
 40
1.0
176
     1
1001
ACAD
1000
AcDbSavedByObjectVersion
1070
     0
  0
VISUALSTYLE
  5
46C
102
{ACAD_REACTORS
330
16
102
}
330
16
100
AcDbVisualStyle
  2
ColorChange
 70
    16
177
     3
291
     1
 70
    58
 90
        2
176
     1
 90
        2
176
     1
 90
        3
176
     1
 90
        0
176
     1
 40
0.6
176
     1
 40
30.0
176
     1
 62
     8
420
  8421504
176
     1
 90
        1
176
     1
 90
        4
176
     1
 62
     7
176
     1
 62
   257
176
     1
 90
        1
176
     1
 90
        1
176
     1
 40
1.0
176
     1
 90
        8
176
     1
 62
     8
420
  8421504
176
     1
 40
1.0
176
     1
 90
        1
176
     1
 90
        6
176
     1
 90
        2
176
     1
 62
     7
176
     1
 90
        5
176
     1
 90
        0
176
     1
 90
        0
176
     1
290
     0
176
     1
 90
        1
176
     1
 40
0.0
176
     1
 90
        0
176
     1
290
     0
176
     1
290
     1
176
     1
290
     1
176
     1
290
     0
176
     1
290
     0
176
     1
290
     0
176
     1
290
     0
176
     1
290
     0
176
     1
290
     0
176
     1
 90
       50
176
     1
 40
0.0
176
     1
 40
1.0
176
     1
 90
        0
176
     1
 62
    18
420
        0
176
     1
 90
       50
176
     1
 90
        3
176
     1
 62
     5
420
      255
176
     1
290
     0
176
     1
 90
       50
176
     1
 90
       50
176
     1
 90
       50
176
     1
290
     0
176
     1
 90
       50
176
     1
 62
   256
176
     0
 40
1.0
176
     0
 90
        2
176
     1
  1
strokes_ogs.tif
176
     1
290
     0
176
     1
 40
1.0
176
     1
 40
1.0
176
     1
1001
ACAD
1000
AcDbSavedByObjectVersion
1070
     0
  0
VISUALSTYLE
  5
465
102
{ACAD_REACTORS
330
16
102
}
330
16
100
AcDbVisualStyle
  2
Conceptual
 70
     9
177
     3
291
     0
 70
    58
 90
        3
176
     1
 90
        2
176
     1
 90
        0
176
     1
 90
        0
176
     1
 40
0.6
176
     1
 40
30.0
176
     1
 62
     7
420
 16777215
176
     1
 90
        2
176
     1
 90
        2
176
     1
 62
     7
176
     1
 62
   257
176
     1
 90
        1
176
     1
 90
        1
176
     1
 40
179.0
176
     1
 90
        8
176
     1
 62
     7
176
     1
 40
1.0
176
     1
 90
        1
176
     1
 90
        6
176
     1
 90
        2
176
     1
 62
     7
176
     1
 90
        3
176
     1
 90
        0
176
     1
 90
        0
176
     1
290
     0
176
     1
 90
        1
176
     1
 40
0.0
176
     1
 90
        0
176
     1
290
     0
176
     1
290
     1
176
     1
290
     1
176
     1
290
     0
176
     1
290
     0
176
     1
290
     0
176
     1
290
     0
176
     1
290
     0
176
     1
290
     0
176
     1
 90
       50
176
     1
 40
0.0
176
     1
 40
1.0
176
     1
 90
        0
176
     1
 62
    18
420
        0
176
     1
 90
       50
176
     1
 90
        3
176
     1
 62
     5
420
      255
176
     1
290
     0
176
     1
 90
       50
176
     1
 90
       50
176
     1
 90
       50
176
     1
290
     0
176
     1
 90
       50
176
     1
 62
   256
176
     0
 40
1.0
176
     0
 90
        2
176
     1
  1
strokes_ogs.tif
176
     1
290
     0
176
     1
 40
1.0
176
     1
 40
1.0
176
     1
1001
ACAD
1000
AcDbSavedByObjectVersion
1070
     0
  0
VISUALSTYLE
  5
467
102
{ACAD_REACTORS
330
16
102
}
330
16
100
AcDbVisualStyle
  2
Dim
 70
    11
177
     3
291
     1
 70
    58
 90
        2
176
     1
 90
        2
176
     1
 90
        0
176
     1
 90
        0
176
     1
 40
0.6
176
     1
 40
30.0
176
     1
 62
     7
420
 16777215
176
     1
 90
        1
176
     1
 90
        4
176
     1
 62
     7
176
     1
 62
   257
176
     1
 90
        1
176
     1
 90
        1
176
     1
 40
1.0
176
     1
 90
        8
176
     1
 62
     7
176
     1
 40
1.0
176
     1
 90
        1
176
     1
 90
        6
176
     1
 90
        2
176
     1
 62
     7
176
     1
 90
        5
176
     1
 90
        0
176
     1
 90
        0
176
     1
290
     0
176
     1
 90
        1
176
     1
 40
-50.0
176
     1
 90
        0
176
     1
290
     0
176
     1
290
     1
176
     1
290
     1
176
     1
290
     0
176
     1
290
     0
176
     1
290
     0
176
     1
290
     0
176
     1
290
     0
176
     1
290
     0
176
     1
 90
       50
176
     1
 40
0.0
176
     1
 40
1.0
176
     1
 90
        0
176
     1
 62
    18
420
        0
176
     1
 90
       50
176
     1
 90
        3
176
     1
 62
     5
420
      255
176
     1
290
     0
176
     1
 90
       50
176
     1
 90
       50
176
     1
 90
       50
176
     1
290
     0
176
     1
 90
       50
176
     1
 62
   256
176
     0
 40
1.0
176
     0
 90
        2
176
     1
  1
strokes_ogs.tif
176
     1
290
     0
176
     1
 40
1.0
176
     1
 40
1.0
176
     1
1001
ACAD
1000
AcDbSavedByObjectVersion
1070
     0
  0
VISUALSTYLE
  5
474
102
{ACAD_REACTORS
330
16
102
}
330
16
100
AcDbVisualStyle
  2
EdgeColorOff
 70
    22
177
     3
291
     1
 70
    58
 90
        2
176
     0
 90
        2
176
     0
 90
        0
176
     0
 90
        0
176
     0
 40
0.6
176
     0
 40
30.0
176
     0
 62
     7
420
 16777215
176
     0
 90
        1
176
     0
 90
        4
176
     0
 62
     7
176
     0
 62
   257
176
     0
 90
        1
176
     0
 90
        1
176
     0
 40
1.0
176
     0
 90
        8
176
     2
 62
     7
176
     0
 40
1.0
176
     0
 90
        1
176
     0
 90
        6
176
     0
 90
        2
176
     0
 62
     7
176
     0
 90
        5
176
     0
 90
        0
176
     0
 90
        0
176
     0
290
     0
176
     0
 90
        1
176
     0
 40
0.0
176
     0
 90
        0
176
     0
290
     0
176
     1
290
     1
176
     1
290
     1
176
     1
290
     0
176
     1
290
     0
176
     1
290
     0
176
     1
290
     0
176
     1
290
     0
176
     1
290
     0
176
     1
 90
       50
176
     0
 40
0.0
176
     0
 40
1.0
176
     0
 90
        0
176
     0
 62
    18
420
        0
176
     0
 90
       50
176
     0
 90
        3
176
     0
 62
     5
420
      255
176
     0
290
     0
176
     1
 90
       50
176
     0
 90
       50
176
     0
 90
       50
176
     0
290
     0
176
     1
 90
       50
176
     0
 62
   256
176
     0
 40
1.0
176
     0
 90
        2
176
     0
  1
strokes_ogs.tif
176
     0
290
     0
176
     1
 40
1.0
176
     0
 40
1.0
176
     0
1001
ACAD
1000
AcDbSavedByObjectVersion
1070
     0
  0
VISUALSTYLE
  5
46B
102
{ACAD_REACTORS
330
16
102
}
330
16
100
AcDbVisualStyle
  2
Facepattern
 70
    15
177
     3
291
     1
 70
    58
 90
        2
176
     1
 90
        2
176
     1
 90
        0
176
     1
 90
        0
176
     1
 40
0.6
176
     1
 40
30.0
176
     1
 62
     7
420
 16777215
176
     1
 90
        1
176
     1
 90
        4
176
     1
 62
     7
176
     1
 62
   257
176
     1
 90
        1
176
     1
 90
        1
176
     1
 40
1.0
176
     1
 90
        8
176
     1
 62
     7
176
     1
 40
1.0
176
     1
 90
        1
176
     1
 90
        6
176
     1
 90
        2
176
     1
 62
     7
176
     1
 90
        5
176
     1
 90
        0
176
     1
 90
        0
176
     1
290
     0
176
     1
 90
        1
176
     1
 40
0.0
176
     1
 90
        0
176
     1
290
     0
176
     1
290
     1
176
     1
290
     1
176
     1
290
     0
176
     1
290
     0
176
     1
290
     0
176
     1
290
     0
176
     1
290
     0
176
     1
290
     0
176
     1
 90
       50
176
     1
 40
0.0
176
     1
 40
1.0
176
     1
 90
        0
176
     1
 62
    18
420
        0
176
     1
 90
       50
176
     1
 90
        3
176
     1
 62
     5
420
      255
176
     1
290
     0
176
     1
 90
       50
176
     1
 90
       50
176
     1
 90
       50
176
     1
290
     0
176
     1
 90
       50
176
     1
 62
   256
176
     0
 40
1.0
176
     0
 90
        2
176
     1
  1
strokes_ogs.tif
176
     1
290
     0
176
     1
 40
1.0
176
     1
 40
1.0
176
     1
1001
ACAD
1000
AcDbSavedByObjectVersion
1070
     0
  0
VISUALSTYLE
  5
45D
102
{ACAD_REACTORS
330
16
102
}
330
16
100
AcDbVisualStyle
  2
Flat
 70
     0
177
     3
291
     1
 70
    58
 90
        2
176
     1
 90
        1
176
     1
 90
        1
176
     1
 90
        2
176
     1
 40
0.6
176
     1
 40
30.0
176
     1
 62
     7
420
 16777215
176
     1
 90
        0
176
     1
 90
        0
176
     1
 62
     7
176
     1
 62
   257
176
     1
 90
        1
176
     1
 90
        1
176
     1
 40
1.0
176
     1
 90
        8
176
     1
 62
     7
176
     1
 40
1.0
176
     1
 90
        1
176
     1
 90
        6
176
     1
 90
        2
176
     1
 62
     7
176
     1
 90
        5
176
     1
 90
        0
176
     1
 90
        0
176
     1
290
     0
176
     1
 90
       13
176
     1
 40
0.0
176
     1
 90
        0
176
     1
290
     0
176
     1
290
     1
176
     1
290
     1
176
     1
290
     0
176
     1
290
     0
176
     1
290
     0
176
     1
290
     0
176
     1
290
     0
176
     1
290
     0
176
     1
 90
       50
176
     1
 40
0.0
176
     1
 40
1.0
176
     1
 90
        0
176
     1
 62
    18
420
        0
176
     1
 90
       50
176
     1
 90
        3
176
     1
 62
     5
420
      255
176
     1
290
     0
176
     1
 90
       50
176
     1
 90
       50
176
     1
 90
       50
176
     1
290
     0
176
     1
 90
       50
176
     1
 62
   256
176
     0
 40
1.0
176
     0
 90
        2
176
     1
  1
strokes_ogs.tif
176
     1
290
     0
176
     1
 40
1.0
176
     1
 40
1.0
176
     1
1001
ACAD
1000
AcDbSavedByObjectVersion
1070
     0
  0
VISUALSTYLE
  5
45E
102
{ACAD_REACTORS
330
16
102
}
330
16
100
AcDbVisualStyle
  2
FlatWithEdges
 70
     1
177
     3
291
     1
 70
    58
 90
        2
176
     1
 90
        1
176
     1
 90
        1
176
     1
 90
        2
176
     1
 40
0.6
176
     1
 40
30.0
176
     1
 62
     7
420
 16777215
176
     1
 90
        1
176
     1
 90
        0
176
     1
 62
     7
176
     1
 62
   257
176
     1
 90
        1
176
     1
 90
        1
176
     1
 40
1.0
176
     1
 90
        0
176
     1
 62
   257
176
     1
 40
1.0
176
     1
 90
        1
176
     1
 90
        6
176
     1
 90
        2
176
     1
 62
     7
176
     1
 90
        5
176
     1
 90
        0
176
     1
 90
        0
176
     1
290
     0
176
     1
 90
       13
176
     1
 40
0.0
176
     1
 90
        0
176
     1
290
     0
176
     1
290
     1
176
     1
290
     1
176
     1
290
     0
176
     1
290
     0
176
     1
290
     0
176
     1
290
     0
176
     1
290
     0
176
     1
290
     0
176
     1
 90
       50
176
     1
 40
0.0
176
     1
 40
1.0
176
     1
 90
        0
176
     1
 62
    18
420
        0
176
     1
 90
       50
176
     1
 90
        3
176
     1
 62
     5
420
      255
176
     1
290
     0
176
     1
 90
       50
176
     1
 90
       50
176
     1
 90
       50
176
     1
290
     0
176
     1
 90
       50
176
     1
 62
   256
176
     0
 40
1.0
176
     0
 90
        2
176
     1
  1
strokes_ogs.tif
176
     1
290
     0
176
     1
 40
1.0
176
     1
 40
1.0
176
     1
1001
ACAD
1000
AcDbSavedByObjectVersion
1070
     0
  0
VISUALSTYLE
  5
45F
102
{ACAD_REACTORS
330
16
102
}
330
16
100
AcDbVisualStyle
  2
Gouraud
 70
     2
177
     3
291
     1
 70
    58
 90
        2
176
     1
 90
        2
176
     1
 90
        1
176
     1
 90
        2
176
     1
 40
0.6
176
     1
 40
30.0
176
     1
 62
     7
420
 16777215
176
     1
 90
        0
176
     1
 90
        0
176
     1
 62
     7
176
     1
 62
   257
176
     1
 90
        1
176
     1
 90
        1
176
     1
 40
1.0
176
     1
 90
        0
176
     1
 62
     7
176
     1
 40
1.0
176
     1
 90
        1
176
     1
 90
        6
176
     1
 90
        2
176
     1
 62
     7
176
     1
 90
        5
176
     1
 90
        0
176
     1
 90
        0
176
     1
290
     0
176
     1
 90
       13
176
     1
 40
0.0
176
     1
 90
        0
176
     1
290
     0
176
     1
290
     1
176
     1
290
     1
176
     1
290
     0
176
     1
290
     0
176
     1
290
     0
176
     1
290
     0
176
     1
290
     0
176
     1
290
     0
176
     1
 90
       50
176
     1
 40
0.0
176
     1
 40
1.0
176
     1
 90
        0
176
     1
 62
    18
420
        0
176
     1
 90
       50
176
     1
 90
        3
176
     1
 62
     5
420
      255
176
     1
290
     0
176
     1
 90
       50
176
     1
 90
       50
176
     1
 90
       50
176
     1
290
     0
176
     1
 90
       50
176
     1
 62
   256
176
     0
 40
1.0
176
     0
 90
        2
176
     1
  1
strokes_ogs.tif
176
     1
290
     0
176
     1
 40
1.0
176
     1
 40
1.0
176
     1
1001
ACAD
1000
AcDbSavedByObjectVersion
1070
     0
  0
VISUALSTYLE
  5
460
102
{ACAD_REACTORS
330
16
102
}
330
16
100
AcDbVisualStyle
  2
GouraudWithEdges
 70
     3
177
     3
291
     1
 70
    58
 90
        2
176
     1
 90
        2
176
     1
 90
        1
176
     1
 90
        2
176
     1
 40
0.6
176
     1
 40
30.0
176
     1
 62
     7
420
 16777215
176
     1
 90
        1
176
     1
 90
        0
176
     1
 62
     7
176
     1
 62
   257
176
     1
 90
        1
176
     1
 90
        1
176
     1
 40
1.0
176
     1
 90
        0
176
     1
 62
   257
176
     1
 40
1.0
176
     1
 90
        1
176
     1
 90
        6
176
     1
 90
        2
176
     1
 62
     7
176
     1
 90
        5
176
     1
 90
        0
176
     1
 90
        0
176
     1
290
     0
176
     1
 90
       13
176
     1
 40
0.0
176
     1
 90
        0
176
     1
290
     0
176
     1
290
     1
176
     1
290
     1
176
     1
290
     0
176
     1
290
     0
176
     1
290
     0
176
     1
290
     0
176
     1
290
     0
176
     1
290
     0
176
     1
 90
       50
176
     1
 40
0.0
176
     1
 40
1.0
176
     1
 90
        0
176
     1
 62
    18
420
        0
176
     1
 90
       50
176
     1
 90
        3
176
     1
 62
     5
420
      255
176
     1
290
     0
176
     1
 90
       50
176
     1
 90
       50
176
     1
 90
       50
176
     1
290
     0
176
     1
 90
       50
176
     1
 62
   256
176
     0
 40
1.0
176
     0
 90
        2
176
     1
  1
strokes_ogs.tif
176
     1
290
     0
176
     1
 40
1.0
176
     1
 40
1.0
176
     1
1001
ACAD
1000
AcDbSavedByObjectVersion
1070
     0
  0
VISUALSTYLE
  5
464
102
{ACAD_REACTORS
330
16
102
}
330
16
100
AcDbVisualStyle
  2
Hidden
 70
     6
177
     3
291
     0
 70
    58
 90
        1
176
     1
 90
        2
176
     1
 90
        2
176
     1
 90
        0
176
     1
 40
0.6
176
     1
 40
30.0
176
     1
 62
     7
420
 16777215
176
     1
 90
        2
176
     1
 90
        2
176
     1
 62
     7
176
     1
 62
   257
176
     1
 90
        2
176
     1
 90
        1
176
     1
 40
40.0
176
     1
 90
        0
176
     1
 62
   257
176
     1
 40
1.0
176
     1
 90
        1
176
     1
 90
        6
176
     1
 90
        2
176
     1
 62
     7
176
     1
 90
        3
176
     1
 90
        0
176
     1
 90
        0
176
     1
290
     0
176
     1
 90
        1
176
     1
 40
0.0
176
     1
 90
        0
176
     1
290
     0
176
     1
290
     1
176
     1
290
     1
176
     1
290
     0
176
     1
290
     0
176
     1
290
     0
176
     1
290
     0
176
     1
290
     0
176
     1
290
     0
176
     1
 90
       50
176
     1
 40
0.0
176
     1
 40
1.0
176
     1
 90
        0
176
     1
 62
    18
420
        0
176
     1
 90
       50
176
     1
 90
        3
176
     1
 62
     5
420
      255
176
     1
290
     0
176
     1
 90
       50
176
     1
 90
       50
176
     1
 90
       50
176
     1
290
     0
176
     1
 90
       50
176
     1
 62
   256
176
     0
 40
1.0
176
     0
 90
        2
176
     1
  1
strokes_ogs.tif
176
     1
290
     0
176
     1
 40
1.0
176
     1
 40
1.0
176
     1
1001
ACAD
1000
AcDbSavedByObjectVersion
1070
     0
  0
VISUALSTYLE
  5
472
102
{ACAD_REACTORS
330
16
102
}
330
16
100
AcDbVisualStyle
  2
JitterOff
 70
    20
177
     3
291
     1
 70
    58
 90
        2
176
     0
 90
        2
176
     0
 90
        0
176
     0
 90
        0
176
     0
 40
0.6
176
     0
 40
30.0
176
     0
 62
     7
420
 16777215
176
     0
 90
        1
176
     0
 90
        4
176
     0
 62
     7
176
     0
 62
   257
176
     0
 90
        1
176
     0
 90
        1
176
     0
 40
1.0
176
     0
 90
       10
176
     2
 62
     7
176
     0
 40
1.0
176
     0
 90
        1
176
     0
 90
        6
176
     0
 90
        2
176
     0
 62
     7
176
     0
 90
        5
176
     0
 90
        0
176
     0
 90
        0
176
     0
290
     0
176
     0
 90
        1
176
     0
 40
0.0
176
     0
 90
        0
176
     0
290
     0
176
     1
290
     1
176
     1
290
     1
176
     1
290
     0
176
     1
290
     0
176
     1
290
     0
176
     1
290
     0
176
     1
290
     0
176
     1
290
     0
176
     1
 90
       50
176
     0
 40
0.0
176
     0
 40
1.0
176
     0
 90
        0
176
     0
 62
    18
420
        0
176
     0
 90
       50
176
     0
 90
        3
176
     0
 62
     5
420
      255
176
     0
290
     0
176
     1
 90
       50
176
     0
 90
       50
176
     0
 90
       50
176
     0
290
     0
176
     1
 90
       50
176
     0
 62
   256
176
     0
 40
1.0
176
     0
 90
        2
176
     0
  1
strokes_ogs.tif
176
     0
290
     0
176
     1
 40
1.0
176
     0
 40
1.0
176
     0
1001
ACAD
1000
AcDbSavedByObjectVersion
1070
     0
  0
VISUALSTYLE
  5
46A
102
{ACAD_REACTORS
330
16
102
}
330
16
100
AcDbVisualStyle
  2
Linepattern
 70
    14
177
     3
291
     1
 70
    58
 90
        2
176
     1
 90
        2
176
     1
 90
        0
176
     1
 90
        0
176
     1
 40
0.6
176
     1
 40
30.0
176
     1
 62
     7
420
 16777215
176
     1
 90
        1
176
     1
 90
        4
176
     1
 62
     7
176
     1
 62
   257
176
     1
 90
        7
176
     1
 90
        7
176
     1
 40
1.0
176
     1
 90
        8
176
     1
 62
     7
176
     1
 40
1.0
176
     1
 90
        1
176
     1
 90
        6
176
     1
 90
        2
176
     1
 62
     7
176
     1
 90
        5
176
     1
 90
        0
176
     1
 90
        0
176
     1
290
     0
176
     1
 90
        1
176
     1
 40
0.0
176
     1
 90
        0
176
     1
290
     0
176
     1
290
     1
176
     1
290
     1
176
     1
290
     0
176
     1
290
     0
176
     1
290
     0
176
     1
290
     0
176
     1
290
     0
176
     1
290
     0
176
     1
 90
       50
176
     1
 40
0.0
176
     1
 40
1.0
176
     1
 90
        0
176
     1
 62
    18
420
        0
176
     1
 90
       50
176
     1
 90
        3
176
     1
 62
     5
420
      255
176
     1
290
     0
176
     1
 90
       50
176
     1
 90
       50
176
     1
 90
       50
176
     1
290
     0
176
     1
 90
       50
176
     1
 62
   256
176
     0
 40
1.0
176
     0
 90
        2
176
     1
  1
strokes_ogs.tif
176
     1
290
     0
176
     1
 40
1.0
176
     1
 40
1.0
176
     1
1001
ACAD
1000
AcDbSavedByObjectVersion
1070
     0
  0
VISUALSTYLE
  5
473
102
{ACAD_REACTORS
330
16
102
}
330
16
100
AcDbVisualStyle
  2
OverhangOff
 70
    21
177
     3
291
     1
 70
    58
 90
        2
176
     0
 90
        2
176
     0
 90
        0
176
     0
 90
        0
176
     0
 40
0.6
176
     0
 40
30.0
176
     0
 62
     7
420
 16777215
176
     0
 90
        1
176
     0
 90
        4
176
     0
 62
     7
176
     0
 62
   257
176
     0
 90
        1
176
     0
 90
        1
176
     0
 40
1.0
176
     0
 90
        9
176
     2
 62
     7
176
     0
 40
1.0
176
     0
 90
        1
176
     0
 90
        6
176
     0
 90
        2
176
     0
 62
     7
176
     0
 90
        5
176
     0
 90
        0
176
     0
 90
        0
176
     0
290
     0
176
     0
 90
        1
176
     0
 40
0.0
176
     0
 90
        0
176
     0
290
     0
176
     1
290
     1
176
     1
290
     1
176
     1
290
     0
176
     1
290
     0
176
     1
290
     0
176
     1
290
     0
176
     1
290
     0
176
     1
290
     0
176
     1
 90
       50
176
     0
 40
0.0
176
     0
 40
1.0
176
     0
 90
        0
176
     0
 62
    18
420
        0
176
     0
 90
       50
176
     0
 90
        3
176
     0
 62
     5
420
      255
176
     0
290
     0
176
     1
 90
       50
176
     0
 90
       50
176
     0
 90
       50
176
     0
290
     0
176
     1
 90
       50
176
     0
 62
   256
176
     0
 40
1.0
176
     0
 90
        2
176
     0
  1
strokes_ogs.tif
176
     0
290
     0
176
     1
 40
1.0
176
     0
 40
1.0
176
     0
1001
ACAD
1000
AcDbSavedByObjectVersion
1070
     0
  0
VISUALSTYLE
  5
466
102
{ACAD_REACTORS
330
16
102
}
330
16
100
AcDbVisualStyle
  2
Realistic
 70
     8
177
     3
291
     0
 70
    58
 90
        2
176
     1
 90
        3
176
     1
 90
        0
176
     1
 90
        2
176
     1
 40
0.6
176
     1
 40
30.0
176
     1
 62
     7
420
 16777215
176
     1
 90
        0
176
     1
 90
        0
176
     1
 62
     7
176
     1
 62
   257
176
     1
 90
        1
176
     1
 90
        1
176
     1
 40
1.0
176
     1
 90
        8
176
     1
 62
   257
176
     1
 40
1.0
176
     1
 90
        1
176
     1
 90
        6
176
     1
 90
        2
176
     1
 62
     7
176
     1
 90
        3
176
     1
 90
        0
176
     1
 90
        0
176
     1
290
     0
176
     1
 90
       13
176
     1
 40
0.0
176
     1
 90
        0
176
     1
290
     0
176
     1
290
     1
176
     1
290
     1
176
     1
290
     0
176
     1
290
     0
176
     1
290
     0
176
     1
290
     0
176
     1
290
     0
176
     1
290
     0
176
     1
 90
       50
176
     1
 40
0.0
176
     1
 40
1.0
176
     1
 90
        0
176
     1
 62
    18
420
        0
176
     1
 90
       50
176
     1
 90
        3
176
     1
 62
     5
420
      255
176
     1
290
     0
176
     1
 90
       50
176
     1
 90
       50
176
     1
 90
       50
176
     1
290
     0
176
     1
 90
       50
176
     1
 62
   256
176
     0
 40
1.0
176
     0
 90
        2
176
     1
  1
strokes_ogs.tif
176
     1
290
     0
176
     1
 40
1.0
176
     1
 40
1.0
176
     1
1001
ACAD
1000
AcDbSavedByObjectVersion
1070
     0
  0
VISUALSTYLE
  5
471
102
{ACAD_REACTORS
330
16
102
}
330
16
100
AcDbVisualStyle
  2
Shaded
 70
    27
177
     3
291
     0
 70
    58
 90
        2
176
     1
 90
        2
176
     1
 90
        1
176
     1
 90
        2
176
     1
 40
0.6
176
     1
 40
30.0
176
     1
 62
     7
420
 16777215
176
     1
 90
        0
176
     1
 90
        4
176
     1
 62
     7
176
     1
 62
   257
176
     1
 90
        1
176
     1
 90
        1
176
     1
 40
1.0
176
     1
 90
        8
176
     1
 62
   257
176
     1
 40
1.0
176
     1
 90
        1
176
     1
 90
        6
176
     1
 90
        2
176
     1
 62
     8
420
  7895160
176
     1
 90
        3
176
     1
 90
        0
176
     1
 90
        0
176
     1
290
     0
176
     1
 90
        5
176
     1
 40
0.0
176
     1
 90
        0
176
     1
290
     0
176
     1
290
     1
176
     1
290
     1
176
     1
290
     0
176
     1
290
     0
176
     1
290
     0
176
     1
290
     0
176
     1
290
     0
176
     1
290
     0
176
     1
 90
       50
176
     1
 40
0.0
176
     1
 40
1.0
176
     1
 90
        0
176
     1
 62
    18
420
        0
176
     1
 90
       50
176
     1
 90
        3
176
     1
 62
     5
420
      255
176
     1
290
     0
176
     1
 90
       50
176
     1
 90
       50
176
     1
 90
       50
176
     1
290
     0
176
     1
 90
       50
176
     1
 62
   256
176
     0
 40
1.0
176
     0
 90
        2
176
     1
  1
strokes_ogs.tif
176
     1
290
     0
176
     1
 40
1.0
176
     1
 40
1.0
176
     1
1001
ACAD
1000
AcDbSavedByObjectVersion
1070
     0
  0
VISUALSTYLE
  5
470
102
{ACAD_REACTORS
330
16
102
}
330
16
100
AcDbVisualStyle
  2
Shaded with edges
 70
    26
177
     3
291
     0
 70
    58
 90
        2
176
     1
 90
        2
176
     1
 90
        1
176
     1
 90
        2
176
     1
 40
0.6
176
     1
 40
30.0
176
     1
 62
     7
420
 16777215
176
     1
 90
        1
176
     1
 90
        2
176
     1
 62
     7
176
     1
 62
   257
176
     1
 90
        2
176
     1
 90
        1
176
     1
 40
1.0
176
     1
 90
        8
176
     1
 62
   257
176
     1
 40
1.0
176
     1
 90
        1
176
     1
 90
        6
176
     1
 90
        2
176
     1
 62
     7
176
     1
 90
        3
176
     1
 90
        0
176
     1
 90
        0
176
     1
290
     0
176
     1
 90
        5
176
     1
 40
0.0
176
     1
 90
        0
176
     1
290
     0
176
     1
290
     1
176
     1
290
     1
176
     1
290
     0
176
     1
290
     0
176
     1
290
     0
176
     1
290
     0
176
     1
290
     0
176
     1
290
     0
176
     1
 90
       50
176
     1
 40
0.0
176
     1
 40
1.0
176
     1
 90
        0
176
     1
 62
    18
420
        0
176
     1
 90
       50
176
     1
 90
        3
176
     1
 62
     5
420
      255
176
     1
290
     0
176
     1
 90
       50
176
     1
 90
       50
176
     1
 90
       50
176
     1
290
     0
176
     1
 90
       50
176
     1
 62
   256
176
     0
 40
1.0
176
     0
 90
        2
176
     1
  1
strokes_ogs.tif
176
     1
290
     0
176
     1
 40
1.0
176
     1
 40
1.0
176
     1
1001
ACAD
1000
AcDbSavedByObjectVersion
1070
     0
  0
VISUALSTYLE
  5
46D
102
{ACAD_REACTORS
330
16
102
}
330
16
100
AcDbVisualStyle
  2
Shades of Gray
 70
    23
177
     3
291
     0
 70
    58
 90
        2
176
     1
 90
        2
176
     1
 90
        3
176
     1
 90
        0
176
     1
 40
0.6
176
     1
 40
30.0
176
     1
 62
     7
420
 16777215
176
     1
 90
        2
176
     1
 90
        2
176
     1
 62
     7
176
     1
 62
     7
176
     1
 90
        1
176
     1
 90
        1
176
     1
 40
40.0
176
     1
 90
        8
176
     1
 62
     7
176
     1
 40
1.0
176
     1
 90
        1
176
     1
 90
        6
176
     1
 90
        2
176
     1
 62
     7
176
     1
 90
        3
176
     1
 90
        0
176
     1
 90
        0
176
     1
290
     0
176
     1
 90
        1
176
     1
 40
0.0
176
     1
 90
        0
176
     1
290
     0
176
     1
290
     1
176
     1
290
     1
176
     1
290
     0
176
     1
290
     0
176
     1
290
     0
176
     1
290
     0
176
     1
290
     0
176
     1
290
     0
176
     1
 90
       50
176
     1
 40
0.0
176
     1
 40
1.0
176
     1
 90
        0
176
     1
 62
    18
420
        0
176
     1
 90
       50
176
     1
 90
        3
176
     1
 62
     5
420
      255
176
     1
290
     0
176
     1
 90
       50
176
     1
 90
       50
176
     1
 90
       50
176
     1
290
     0
176
     1
 90
       50
176
     1
 62
   256
176
     0
 40
1.0
176
     0
 90
        2
176
     1
  1
strokes_ogs.tif
176
     1
290
     0
176
     1
 40
1.0
176
     1
 40
1.0
176
     1
1001
ACAD
1000
AcDbSavedByObjectVersion
1070
     0
  0
VISUALSTYLE
  5
46E
102
{ACAD_REACTORS
330
16
102
}
330
16
100
AcDbVisualStyle
  2
Sketchy
 70
    24
177
     3
291
     0
 70
    58
 90
        1
176
     1
 90
        2
176
     1
 90
        2
176
     1
 90
        0
176
     1
 40
0.6
176
     1
 40
30.0
176
     1
 62
     7
420
 16777215
176
     1
 90
        2
176
     1
 90
        2
176
     1
 62
     7
176
     1
 62
     7
176
     1
 90
        1
176
     1
 90
        1
176
     1
 40
40.0
176
     1
 90
       11
176
     1
 62
     7
176
     1
 40
1.0
176
     1
 90
        1
176
     1
 90
        6
176
     1
 90
        2
176
     1
 62
     7
176
     1
 90
        6
176
     1
 90
        0
176
     1
 90
        0
176
     1
290
     0
176
     1
 90
        1
176
     1
 40
0.0
176
     1
 90
        0
176
     1
290
     0
176
     1
290
     1
176
     1
290
     1
176
     1
290
     0
176
     1
290
     0
176
     1
290
     0
176
     1
290
     0
176
     1
290
     0
176
     1
290
     0
176
     1
 90
       50
176
     1
 40
0.0
176
     1
 40
1.0
176
     1
 90
        0
176
     1
 62
    18
420
        0
176
     1
 90
       50
176
     1
 90
        3
176
     1
 62
     5
420
      255
176
     1
290
     0
176
     1
 90
       50
176
     1
 90
       50
176
     1
 90
       50
176
     1
290
     0
176
     1
 90
       50
176
     1
 62
   256
176
     0
 40
1.0
176
     0
 90
        2
176
     1
  1
strokes_ogs.tif
176
     1
290
     0
176
     1
 40
1.0
176
     1
 40
1.0
176
     1
1001
ACAD
1000
AcDbSavedByObjectVersion
1070
     0
  0
VISUALSTYLE
  5
469
102
{ACAD_REACTORS
330
16
102
}
330
16
100
AcDbVisualStyle
  2
Thicken
 70
    13
177
     3
291
     1
 70
    58
 90
        2
176
     1
 90
        2
176
     1
 90
        0
176
     1
 90
        0
176
     1
 40
0.6
176
     1
 40
30.0
176
     1
 62
     7
420
 16777215
176
     1
 90
        1
176
     1
 90
        4
176
     1
 62
     7
176
     1
 62
   257
176
     1
 90
        1
176
     1
 90
        1
176
     1
 40
1.0
176
     1
 90
       12
176
     1
 62
     7
176
     1
 40
1.0
176
     1
 90
        1
176
     1
 90
        6
176
     1
 90
        2
176
     1
 62
     7
176
     1
 90
        5
176
     1
 90
        0
176
     1
 90
        0
176
     1
290
     0
176
     1
 90
        1
176
     1
 40
0.0
176
     1
 90
        0
176
     1
290
     0
176
     1
290
     1
176
     1
290
     1
176
     1
290
     0
176
     1
290
     0
176
     1
290
     0
176
     1
290
     0
176
     1
290
     0
176
     1
290
     0
176
     1
 90
       50
176
     1
 40
0.0
176
     1
 40
1.0
176
     1
 90
        0
176
     1
 62
    18
420
        0
176
     1
 90
       50
176
     1
 90
        3
176
     1
 62
     5
420
      255
176
     1
290
     0
176
     1
 90
       50
176
     1
 90
       50
176
     1
 90
       50
176
     1
290
     0
176
     1
 90
       50
176
     1
 62
   256
176
     0
 40
1.0
176
     0
 90
        2
176
     1
  1
strokes_ogs.tif
176
     1
290
     0
176
     1
 40
1.0
176
     1
 40
1.0
176
     1
1001
ACAD
1000
AcDbSavedByObjectVersion
1070
     0
  0
VISUALSTYLE
  5
463
102
{ACAD_REACTORS
330
16
102
}
330
16
100
AcDbVisualStyle
  2
Wireframe
 70
     5
177
     3
291
     0
 70
    58
 90
        0
176
     1
 90
        2
176
     1
 90
        0
176
     1
 90
        0
176
     1
 40
0.6
176
     1
 40
30.0
176
     1
 62
     7
420
 16777215
176
     1
 90
        1
176
     1
 90
        4
176
     1
 62
     7
176
     1
 62
   257
176
     1
 90
        1
176
     1
 90
        1
176
     1
 40
1.0
176
     1
 90
        0
176
     1
 62
   257
176
     1
 40
1.0
176
     1
 90
        1
176
     1
 90
        6
176
     1
 90
        2
176
     1
 62
     7
176
     1
 90
        3
176
     1
 90
        0
176
     1
 90
        0
176
     1
290
     0
176
     1
 90
        1
176
     1
 40
0.0
176
     1
 90
        0
176
     1
290
     0
176
     1
290
     1
176
     1
290
     1
176
     1
290
     0
176
     1
290
     0
176
     1
290
     0
176
     1
290
     0
176
     1
290
     0
176
     1
290
     0
176
     1
 90
       50
176
     1
 40
0.0
176
     1
 40
1.0
176
     1
 90
        0
176
     1
 62
    18
420
        0
176
     1
 90
       50
176
     1
 90
        3
176
     1
 62
     5
420
      255
176
     1
290
     0
176
     1
 90
       50
176
     1
 90
       50
176
     1
 90
       50
176
     1
290
     0
176
     1
 90
       50
176
     1
 62
   256
176
     0
 40
1.0
176
     0
 90
        2
176
     1
  1
strokes_ogs.tif
176
     1
290
     0
176
     1
 40
1.0
176
     1
 40
1.0
176
     1
1001
ACAD
1000
AcDbSavedByObjectVersion
1070
     0
  0
VISUALSTYLE
  5
46F
102
{ACAD_REACTORS
330
16
102
}
330
16
100
AcDbVisualStyle
  2
X-Ray
 70
    25
177
     3
291
     0
 70
    58
 90
        2
176
     1
 90
        2
176
     1
 90
        1
176
     1
 90
        1
176
     1
 40
0.5
176
     1
 40
30.0
176
     1
 62
     7
420
 16777215
176
     1
 90
        1
176
     1
 90
        0
176
     1
 62
     7
176
     1
 62
   257
176
     1
 90
        1
176
     1
 90
        1
176
     1
 40
1.0
176
     1
 90
        8
176
     1
 62
     7
176
     1
 40
1.0
176
     1
 90
        1
176
     1
 90
        6
176
     1
 90
        2
176
     1
 62
     7
176
     1
 90
        3
176
     1
 90
        0
176
     1
 90
        0
176
     1
290
     0
176
     1
 90
       13
176
     1
 40
0.0
176
     1
 90
        0
176
     1
290
     0
176
     1
290
     1
176
     1
290
     1
176
     1
290
     0
176
     1
290
     0
176
     1
290
     0
176
     1
290
     0
176
     1
290
     0
176
     1
290
     0
176
     1
 90
       50
176
     1
 40
0.0
176
     1
 40
1.0
176
     1
 90
        0
176
     1
 62
    18
420
        0
176
     1
 90
       50
176
     1
 90
        3
176
     1
 62
     5
420
      255
176
     1
290
     0
176
     1
 90
       50
176
     1
 90
       50
176
     1
 90
       50
176
     1
290
     0
176
     1
 90
       50
176
     1
 62
   256
176
     0
 40
1.0
176
     0
 90
        2
176
     1
  1
strokes_ogs.tif
176
     1
290
     0
176
     1
 40
1.0
176
     1
 40
1.0
176
     1
1001
ACAD
1000
AcDbSavedByObjectVersion
1070
     0
  0
DICTIONARYVAR
  5
5C5
102
{ACAD_REACTORS
330
5C4
102
}
330
5C4
100
DictionaryVariables
280
     0
  1
100.000000
  0
DICTIONARYVAR
  5
5C6
102
{ACAD_REACTORS
330
5C4
102
}
330
5C4
100
DictionaryVariables
280
     0
  1
1
  0
DICTIONARYVAR
  5
5C7
102
{ACAD_REACTORS
330
5C4
102
}
330
5C4
100
DictionaryVariables
280
     0
  1
1:1
  0
DICTIONARYVAR
  5
5C8
102
{ACAD_REACTORS
330
5C4
102
}
330
5C4
100
DictionaryVariables
280
     0
  1
STANDARD
  0
DICTIONARYVAR
  5
5C9
102
{ACAD_REACTORS
330
5C4
102
}
330
5C4
100
DictionaryVariables
280
     0
  1
STANDARD
  0
DICTIONARYVAR
  5
5CA
102
{ACAD_REACTORS
330
5C4
102
}
330
5C4
100
DictionaryVariables
280
     0
  1
Metric50
  0
DICTIONARYVAR
  5
5CB
102
{ACAD_REACTORS
330
5C4
102
}
330
5C4
100
DictionaryVariables
280
     0
  1
Metric50
  0
DICTIONARYVAR
  5
5CC
102
{ACAD_REACTORS
330
5C4
102
}
330
5C4
100
DictionaryVariables
280
     0
  1
0
  0
DICTIONARYVAR
  5
5CD
102
{ACAD_REACTORS
330
5C4
102
}
330
5C4
100
DictionaryVariables
280
     0
  1
2
  0
DICTIONARYVAR
  5
5CE
102
{ACAD_REACTORS
330
5C4
102
}
330
5C4
100
DictionaryVariables
280
     0
  1
1
  0
DICTIONARYVAR
  5
5CF
102
{ACAD_REACTORS
330
5C4
102
}
330
5C4
100
DictionaryVariables
280
     0
  1
1
  0
DICTIONARYVAR
  5
5D0
102
{ACAD_REACTORS
330
5C4
102
}
330
5C4
100
DictionaryVariables
280
     0
  1
1
  0
DICTIONARYVAR
  5
5D1
102
{ACAD_REACTORS
330
5C4
102
}
330
5C4
100
DictionaryVariables
280
     0
  1
0
  0
DICTIONARYVAR
  5
5D2
102
{ACAD_REACTORS
330
5C4
102
}
330
5C4
100
DictionaryVariables
280
     0
  1
D-tarama (profil-levha-isibariyeri)
  0
DICTIONARYVAR
  5
5D3
102
{ACAD_REACTORS
330
5C4
102
}
330
5C4
100
DictionaryVariables
280
     0
  1
0.000000;0.000000
  0
DICTIONARYVAR
  5
5D4
102
{ACAD_REACTORS
330
5C4
102
}
330
5C4
100
DictionaryVariables
280
     0
  1
ByLayer
  0
DICTIONARYVAR
  5
5D5
102
{ACAD_REACTORS
330
5C4
102
}
330
5C4
100
DictionaryVariables
280
     0
  1
0
  0
DICTIONARYVAR
  5
5D6
102
{ACAD_REACTORS
330
5C4
102
}
330
5C4
100
DictionaryVariables
280
     0
  1
0
  0
DICTIONARYVAR
  5
5D7
102
{ACAD_REACTORS
330
5C4
102
}
330
5C4
100
DictionaryVariables
280
     0
  1
0
  0
DICTIONARYVAR
  5
5D8
102
{ACAD_REACTORS
330
5C4
102
}
330
5C4
100
DictionaryVariables
280
     0
  1
2
  0
DICTIONARYVAR
  5
5D9
102
{ACAD_REACTORS
330
5C4
102
}
330
5C4
100
DictionaryVariables
280
     0
  1
1.000000
  0
DICTIONARYVAR
  5
5DA
102
{ACAD_REACTORS
330
5C4
102
}
330
5C4
100
DictionaryVariables
280
     0
  1
1
  0
DICTIONARYVAR
  5
5DB
102
{ACAD_REACTORS
330
5C4
102
}
330
5C4
100
DictionaryVariables
280
     0
  1
2
  0
DICTIONARYVAR
  5
5DC
102
{ACAD_REACTORS
330
5C4
102
}
330
5C4
100
DictionaryVariables
280
     0
  1
1
  0
DICTIONARYVAR
  5
5DD
102
{ACAD_REACTORS
330
5C4
102
}
330
5C4
100
DictionaryVariables
280
     0
  1
0
  0
DICTIONARYVAR
  5
5DE
102
{ACAD_REACTORS
330
5C4
102
}
330
5C4
100
DictionaryVariables
280
     0
  1
127
  0
DICTIONARYVAR
  5
5DF
102
{ACAD_REACTORS
330
5C4
102
}
330
5C4
100
DictionaryVariables
280
     0
  1
TEXT
  0
DICTIONARYVAR
  5
5E0
102
{ACAD_REACTORS
330
5C4
102
}
330
5C4
100
DictionaryVariables
280
     0
  1
0
  0
DICTIONARYVAR
  5
2E
330
2D
100
DictionaryVariables
280
     0
  1
1.4.4 @ 2026-07-20T00:13:20.522997+00:00
  0
DICTIONARYVAR
  5
459
330
2D
100
DictionaryVariables
280
     0
  1
1.4.4 @ 2026-07-20T00:13:22.003736+00:00
  0
XRECORD
  5
48E
102
{ACAD_REACTORS
330
48D
102
}
330
48D
100
AcDbXrecord
280
     1
  1
{"rebarDefinition":[["6",6,28.3],["8",8,50.3],["10",10,78.5],["12",12,113],["14",14,154],["15",15,177],["16",16,201],["18",18,254],["20",20,314],["22",22,380],["24",24,452],["25",25,491],["26",26,531],["28",28,616],["30",30,707],["32",32,804]]}
  0
DICTIONARY
  5
53B
330
475
100
AcDbDictionary
280
     1
281
     1
  3
ACAD_ROUNDTRIP_2008_TABLESTYLE_CELLSTYLEMAP
360
615
  0
CELLSTYLEMAP
  5
615
102
{ACAD_REACTORS
330
53B
102
}
330
53B
100
AcDbCellStyleMap
 90
        3
300
CELLSTYLE
  1
TABLEFORMAT_BEGIN
 90
        5
170
     1
 91
        0
 92
    32768
 62
   257
 93
        1
300
CONTENTFORMAT
  1
CONTENTFORMAT_BEGIN
 90
        0
 91
        0
 92
      512
 93
        0
300

 40
0.0
140
1.0
 94
        5
 62
     0
340
29
144
6.0
309
CONTENTFORMAT_END
171
     1
301
MARGIN
  1
CELLMARGIN_BEGIN
 40
1.5
 40
1.5
 40
1.5
 40
1.5
 40
0.18
 40
0.18
309
CELLMARGIN_END
 94
        6
 95
        1
302
GRIDFORMAT
  1
GRIDFORMAT_BEGIN
 90
        0
 91
        1
 62
     0
 92
       -2
340
0
 93
        0
 40
1.125
309
GRIDFORMAT_END
 95
        2
302
GRIDFORMAT
  1
GRIDFORMAT_BEGIN
 90
        0
 91
        1
 62
     0
 92
       -2
340
0
 93
        0
 40
1.125
309
GRIDFORMAT_END
 95
        4
302
GRIDFORMAT
  1
GRIDFORMAT_BEGIN
 90
        0
 91
        1
 62
     0
 92
       -2
340
0
 93
        0
 40
1.125
309
GRIDFORMAT_END
 95
        8
302
GRIDFORMAT
  1
GRIDFORMAT_BEGIN
 90
        0
 91
        1
 62
     0
 92
       -2
340
0
 93
        0
 40
1.125
309
GRIDFORMAT_END
 95
       16
302
GRIDFORMAT
  1
GRIDFORMAT_BEGIN
 90
        0
 91
        1
 62
     0
 92
       -2
340
0
 93
        0
 40
1.125
309
GRIDFORMAT_END
 95
       32
302
GRIDFORMAT
  1
GRIDFORMAT_BEGIN
 90
        0
 91
        1
 62
     0
 92
       -2
340
0
 93
        0
 40
1.125
309
GRIDFORMAT_END
309
TABLEFORMAT_END
  1
CELLSTYLE_BEGIN
 90
        1
 91
        1
300
_TITLE
309
CELLSTYLE_END
300
CELLSTYLE
  1
TABLEFORMAT_BEGIN
 90
        5
170
     1
 91
        0
 92
        0
 62
   257
 93
        1
300
CONTENTFORMAT
  1
CONTENTFORMAT_BEGIN
 90
        0
 91
        0
 92
      512
 93
        0
300

 40
0.0
140
1.0
 94
        5
 62
     0
340
29
144
4.5
309
CONTENTFORMAT_END
171
     1
301
MARGIN
  1
CELLMARGIN_BEGIN
 40
1.5
 40
1.5
 40
1.5
 40
1.5
 40
0.18
 40
0.18
309
CELLMARGIN_END
 94
        6
 95
        1
302
GRIDFORMAT
  1
GRIDFORMAT_BEGIN
 90
        0
 91
        1
 62
     0
 92
       -2
340
0
 93
        0
 40
1.125
309
GRIDFORMAT_END
 95
        2
302
GRIDFORMAT
  1
GRIDFORMAT_BEGIN
 90
        0
 91
        1
 62
     0
 92
       -2
340
0
 93
        0
 40
1.125
309
GRIDFORMAT_END
 95
        4
302
GRIDFORMAT
  1
GRIDFORMAT_BEGIN
 90
        0
 91
        1
 62
     0
 92
       -2
340
0
 93
        0
 40
1.125
309
GRIDFORMAT_END
 95
        8
302
GRIDFORMAT
  1
GRIDFORMAT_BEGIN
 90
        0
 91
        1
 62
     0
 92
       -2
340
0
 93
        0
 40
1.125
309
GRIDFORMAT_END
 95
       16
302
GRIDFORMAT
  1
GRIDFORMAT_BEGIN
 90
        0
 91
        1
 62
     0
 92
       -2
340
0
 93
        0
 40
1.125
309
GRIDFORMAT_END
 95
       32
302
GRIDFORMAT
  1
GRIDFORMAT_BEGIN
 90
        0
 91
        1
 62
     0
 92
       -2
340
0
 93
        0
 40
1.125
309
GRIDFORMAT_END
309
TABLEFORMAT_END
  1
CELLSTYLE_BEGIN
 90
        2
 91
        1
300
_HEADER
309
CELLSTYLE_END
300
CELLSTYLE
  1
TABLEFORMAT_BEGIN
 90
        5
170
     1
 91
        0
 92
        0
 62
   257
 93
        1
300
CONTENTFORMAT
  1
CONTENTFORMAT_BEGIN
 90
        0
 91
        0
 92
      512
 93
        0
300

 40
0.0
140
1.0
 94
        2
 62
     0
340
29
144
4.5
309
CONTENTFORMAT_END
171
     1
301
MARGIN
  1
CELLMARGIN_BEGIN
 40
1.5
 40
1.5
 40
1.5
 40
1.5
 40
0.18
 40
0.18
309
CELLMARGIN_END
 94
        6
 95
        1
302
GRIDFORMAT
  1
GRIDFORMAT_BEGIN
 90
        0
 91
        1
 62
     0
 92
       -2
340
0
 93
        0
 40
1.125
309
GRIDFORMAT_END
 95
        2
302
GRIDFORMAT
  1
GRIDFORMAT_BEGIN
 90
        0
 91
        1
 62
     0
 92
       -2
340
0
 93
        0
 40
1.125
309
GRIDFORMAT_END
 95
        4
302
GRIDFORMAT
  1
GRIDFORMAT_BEGIN
 90
        0
 91
        1
 62
     0
 92
       -2
340
0
 93
        0
 40
1.125
309
GRIDFORMAT_END
 95
        8
302
GRIDFORMAT
  1
GRIDFORMAT_BEGIN
 90
        0
 91
        1
 62
     0
 92
       -2
340
0
 93
        0
 40
1.125
309
GRIDFORMAT_END
 95
       16
302
GRIDFORMAT
  1
GRIDFORMAT_BEGIN
 90
        0
 91
        1
 62
     0
 92
       -2
340
0
 93
        0
 40
1.125
309
GRIDFORMAT_END
 95
       32
302
GRIDFORMAT
  1
GRIDFORMAT_BEGIN
 90
        0
 91
        1
 62
     0
 92
       -2
340
0
 93
        0
 40
1.125
309
GRIDFORMAT_END
309
TABLEFORMAT_END
  1
CELLSTYLE_BEGIN
 90
        3
 91
        2
300
_DATA
309
CELLSTYLE_END
  0
ENDSEC
  0
EOF
